File_ID,Carvone,Hexadecanal,Methyl Hexadecanoate,Ethyl Hexadecanoate,Octadecenal,Methyl Octadecenoate,Heneicosane,Ethyl Octadecenoate,Ethyl Octadecanoate,Docosane,Tricosene,Tricosane,"Decanoic Acid, Dodecyl Ester",Tetracosane,Pentacosene,Pentacosane,Methyl Tetradecanoate,Ethyl Tetradecanoate,Hexadecenal,Heneicosene,Hexacosene,Hexacosane,Heptacosene,Heptacosane,Octacosane,"Decanoic acid, Hexadecyl Ester",Octacosene,Tetracosyl Acetate,Nonacosene,Nonacosane,"Unknown1, mz 108,79; mw=402",Hexacosyl Acetate,Triacontene,"Hexadecenoic Acid, Dodecyl Ester","Octadecenoic Acid, Decyl Ester",Hentriacontene,Hentriacontane,"Eicosenoic Acid, Decyl Ester",Tritriacontene,Tritriacontane,"Unknown2, mz434,390; mw=?","Octadecenoic Acid, Hexadecyl Ester","Unknown3, mz 464,338,265,201,127; mw=?","Hexadecenoic acid, Hexadecyl Ester","Hexadecenoic acid, Octadecenyl Ester","Octadecenoic Acid, Hexadecenyl Ester",Octanoic Acid,"Octanoic Acid, Ethyl Ester"
10_2.cdf,0.025509062,0.029560133,0.215784763,0.384000562,0.033209027,0.138145883,0.395477527,0.376974148,0.060193534,0.124064959,8.468544957,14.95043515,0.49931672,0.592230171,18.08650816,18.16632729,0.016822174,0.028238226,0.023494511,0.068533066,0.893949981,0.733884831,8.235467549,9.841286052,0.730328559,0,0.299961213,0.702428677,3.428336198,5.525916869,0.628250512,0.726728376,0.03444051,0.048209475,0.053484199,1.555136536,2.710881427,0.781378489,0.144207951,0.140226422,0.010132719,0.000375074,0.004612477,0.061153463,0.010672105,0.012454984,0.001143118,0.001582209
11_2.cdf,0.058508737,0.027720804,0.522276578,0.708503368,0.031819377,0.305178224,0.671687487,0.664692288,0.094179685,0.169869468,11.70169037,13.73117229,0.8230034,0.719647207,15.6144493,15.42840018,0.041366259,0.047147866,0.01863561,0.09473134,0.908814157,0.747647496,9.60337934,9.11163333,0.677870812,0,0.32385524,0.640259386,4.361684552,5.284841926,0.561144233,0.645131677,0.040381076,0.033296893,0.093164119,1.892084291,2.554579748,0.693124796,0.14186534,0.112882477,0.009409193,0,0.004713952,0.061517749,0.00757108,0.012850989,0.000741572,0.000874747
12_2.cdf,0.085293483,0.028871814,0.409467268,0.659215067,0.030623021,0.256496489,0.75987907,0.553026975,0.090150633,0.210338299,9.994053691,13.65028951,0.749639926,0.825706581,13.70211685,14.73836753,0.043385998,0.048461165,0.020034817,0.057583559,0.833142053,0.80428739,7.940154033,10.31667789,0.70580472,0,0.225362485,0.639945436,4.092302981,7.629135168,0.431911869,0.695288181,0.013883894,0.040793419,0.023999825,2.751281739,4.52599971,0.833548821,0.244793753,0.197974097,0.00872678,0.000785529,0.01592028,0.086650399,0.010241157,0.016242745,0.001195051,0.000948856
13_2.cdf,0.158167668,0.038973033,2.30786967,0.022755366,0.031853788,1.646096792,2.637039802,0.105274106,0.021563334,0.548122114,11.53424248,15.05474173,1.320249855,1.197839253,13.97419521,13.98495085,0.107312652,0.015843488,0.023397656,0.11295997,1.022017176,0.870568822,10.03081427,8.56812835,0.634011356,0,0.314056028,0.590044164,4.302523525,3.620702996,0.771447239,0.536415024,0.057089514,0.018452548,0.145046442,1.54477255,1.358116932,0.548652835,0.091793725,0.057846903,0.002040713,0,0.001485031,0.050386337,0.002167178,0.011942708,0.005112344,0.000916474
14_2.cdf,0.021568298,0.035965972,0.686248549,1.213082045,0.046409911,0.619523667,0.510726202,1.163653947,0.131899216,0.161055119,10.13754268,15.39566359,0.609513505,0.553610046,17.48425265,18.10914575,0.054424629,0.054437758,0.027171406,0.04254904,0.900946537,0.701434859,7.865412543,9.662969155,0.67799269,0,0.273411266,0.684123552,2.870042627,3.789282886,0.683006552,0.63421164,0.05225762,0.030933655,0.070366207,1.655434538,1.51435749,0.642138399,0.097291147,0.074201451,0.010243348,8.11E-05,0,0.032905301,0.006812793,0.009188458,0.001360433,0.001149741
15_2.cdf,0.019749253,0.033816027,0.922650354,1.316610775,0.049431256,0.375541348,0.218282457,0.482497502,0.093450603,0.076923347,4.911676567,11.14993697,0.310851716,0.441175545,16.23057968,20.4179449,0.092615287,0.111812294,0.027959384,0.044901513,0.872428462,0.8017228,7.318491614,13.24703704,0.846442762,0,0.222715722,0.843341549,3.079857735,7.244641871,0.79997719,0.852724627,0.018714089,0.040881233,0.016497277,1.975137648,3.15994425,0.888081323,0.17826367,0.162696514,0.011272578,0.000530594,0.005627939,0.061907833,0.008798601,0.011470394,0.001037237,0.001350671
16_2.cdf,0.016951214,0.036079713,0.635655047,1.043448858,0.044049237,0.303809256,0.437761847,0.520790527,0.11281554,0.118921479,10.32070085,13.99974169,0.762000548,0.76810861,17.53305231,19.34143447,0.051534185,0.071857431,0.025159538,0.060550348,1.016904943,0.83200496,7.331551771,10.25775671,0.707367168,0,0.249100406,0.67944708,2.408494396,4.658840698,0.749647671,0.641510527,0.028002831,0.046086881,0.036230886,1.386076228,1.806775492,0.679140007,0.110185318,0.098207207,0.008286332,0,0.001696435,0.044090989,0.006936904,0.009140396,0.001119744,0.000975325
17_2.cdf,0.021944468,0.035352073,0.843057436,1.129575787,0.05283343,0.413381312,0.553134062,0.539493601,0.102862454,0.113009258,6.638043177,13.57302762,0.444561007,0.620042853,17.34203895,21.22280702,0.073317124,0.085596853,0.030500514,0.04943486,0.949169177,0.836800616,6.327451875,12.1321161,0.790723504,0,0.198016054,0.788763978,2.247163195,5.482241749,0.832183972,0.750240215,0.02244742,0.039717809,0.017298455,1.510053073,2.087127871,0.774964072,0.130106847,0.117405561,0.005579716,0.000591385,0.00304816,0.049655846,0.008443724,0.011573709,0.001364348,0.001737706
18_2.cdf,0.019897702,0.032064147,0.22814338,1.051683287,0.040254025,0.248963618,1.579167326,1.239879497,0.186754122,0.329309896,11.88706128,17.96473118,0.714292888,0.828494473,15.43060301,17.92619849,0.028785054,0.08322908,0.025457329,0.04288422,0.836887596,0.733218034,4.834021469,11.05528309,0.655081973,0,0.120176398,0.622618368,1.519713471,4.762635377,0.638337114,0.608484443,0.007561687,0.017993209,0.002518999,1.200947506,1.655860331,0.586949903,0.102103777,0.090563052,0.004810163,0.000268683,0.002061397,0.036546694,0.006084534,0.008009792,0.001643338,0.001765588
19_2.cdf,0.030024562,0.038746521,0.565860997,1.898172932,0.04854926,0.4719141,2.020536379,1.931466684,0.325457322,0.454737618,11.33848086,14.63065559,1.11462244,1.084949374,12.96475557,14.68082673,0.048733051,0.118157711,0.024716955,0.051495622,0.848223683,0.822958646,5.90721222,10.61718327,0.65974568,0,0.123326798,0.650719888,2.369896956,6.739664772,0.571868964,0.662817642,0.006157688,0.025355724,0.005339464,1.997340059,3.022380815,0.681483382,0.193486615,0.142025228,0.001930995,0,0.012674717,0.068502283,0.004852224,0.014670255,0.005842861,0.001478903
1_2.cdf,0.186795118,0.04738589,0.51535692,0.030215066,0.063041257,0.390584171,1.696431626,0.086334471,0.034670261,0.15548044,11.63020707,18.26240802,0.535882393,0.439193453,21.98509484,18.62037907,0.062616592,0.022530443,0.037851766,0.100262195,0.970996406,0.650818055,6.073471207,8.346697351,0.772157859,0.000161107,0.270381909,0.692493192,1.298346699,2.037396146,1.134429317,0.576283819,0.082694471,0.018333774,0.067968774,0.779302691,0.66987583,0.601852894,0.008954537,0.021949833,0.01005114,0,0,0,0,0,0.006900589,0.005761336
20_2.cdf,0.032760078,0.037866871,0.142812246,0.521762424,0.035327034,0.162941372,1.266131735,0.581311538,0.088042157,0.305571466,11.95777664,17.58915668,0.801894167,0.902136995,15.27213357,17.82247531,0.036338925,0.083323373,0.027562103,0.040170705,0.837353997,0.75417368,5.016490709,11.24889426,0.653341714,0,0.116080555,0.599860307,1.726385346,5.595868122,0.618180953,0.59689283,0.006355535,0.018070348,0.00062077,1.44602307,2.100668569,0.637912142,0.133092092,0.109897536,0.003946079,0,0.004672393,0.045729451,0.005714017,0.010431721,0.004061581,0.001786843
21_2.cdf,0.040614195,0.033487048,1.555371474,3.330811422,0.060009449,0.842265626,1.268252984,2.836521736,0.413049177,0.342191518,10.82516362,15.24144591,0.745647844,0.808068514,13.5188742,15.47410703,0.231028575,0.399521262,0.02667357,0.03971427,0.75591252,0.677972806,4.934879022,10.05758768,0.602486363,0,0.123988415,0.555812148,1.84289137,5.722697601,0.566612442,0.586429648,0.00540168,0.020282559,0.003766929,1.647957072,2.758918694,0.667034227,0.184653464,0.152043589,0.003084998,0,0.010387608,0.063574858,0.005917936,0.013925717,0.00122014,0.001741097
23_2.cdf,0.293089711,0.32047327,0.016227903,0.015309256,0.098454764,0.273096908,4.88273289,0.257922633,0.028442921,1.172302126,11.62803061,16.09167864,1.630421158,1.66609122,12.77136804,14.07541086,0.008254009,0.014881594,0.03643878,0.083491344,1.013532833,0.826164012,6.857165141,7.64592083,0.62824653,0.038915045,0.240624937,1.252960802,3.202949235,3.630763714,0.82766201,0.806261487,0.088681503,0.216003696,0.242138852,2.067780939,2.087484074,1.822676081,0.235188368,0.132007586,0.023167319,0.224436078,0.040068986,0.266567075,0.022155329,0.131453937,0.064207279,0.000697678
24_2.cdf,0.760270118,0.48294755,0.012469652,0.135705444,0.077763053,0.073747746,1.359206546,1.537376225,0.084062594,0.570982854,8.515701421,10.27484151,3.383549126,2.451314476,9.374221132,10.60673764,0.007645016,0.016779935,0.067584456,0.053762621,1.731087066,1.113509707,5.727833692,7.108858896,0.664815051,0.247027254,0.223824248,3.981385711,3.747437992,5.324715915,0.607929193,3.686128255,0.454748577,0.856468223,0.358475176,3.743076104,4.376052923,3.212617219,0.401463327,0.231688482,0.052877489,0.752114081,0.298118209,0.704205694,0.030681355,0.289812247,0.190541471,0.035837322
25_2.cdf,0.746590015,0.038982207,0.009679035,0.064150597,0.047713853,0.058486461,1.48396246,1.979155923,0.513029283,0.79076845,7.67742824,10.64416662,2.096670715,3.353791467,9.106019015,10.88319432,0.008308026,0.023161092,0.02737776,0.040227905,0.81497318,1.168258828,5.283554847,7.50715743,0.540299299,0.002048684,0.14808774,7.790655686,3.56042606,5.964975119,0.459978128,7.395027971,0.066559854,0.04373872,0.23659234,3.402632661,4.302793881,0.642945961,0.252660621,0.178278628,0.275434927,0.001114185,0.023549202,0.167833209,0.11816193,0.048610326,0.009944067,0.000843076
26_2.cdf,0.754769717,0.568191359,0.00927373,0.074542939,0.102056614,0.075922509,2.488335187,1.972561449,0.458849603,1.284072347,7.130703351,9.446189495,2.862521586,3.547067781,7.613624819,8.964036746,0.006577368,0.019916421,0.049664322,0.050830808,1.253526879,1.513850444,4.942560056,6.480737163,0.731349458,0.145412967,0.217460544,6.843964984,3.941127289,5.729289042,0.712199562,6.351258411,0.209299122,0.591649442,0.219515074,3.818314773,4.746304545,1.933679982,0.360258655,0.239861976,0.368234218,0.218203194,0.12274308,0.431983252,0.20950038,0.146665784,0.029853305,0.011488271
27_2.cdf,0.440768387,0.500416795,0.013118897,0.117183815,0.088902086,0.062815918,1.810960145,1.949923424,0.649984826,0.675900821,8.173427441,11.02205451,2.229311431,2.327555803,9.306660652,10.60411207,0.009166469,0.027961801,0.076798784,0.065383905,1.120891972,1.200315685,5.650728263,8.106234569,0.613621782,0.178211363,0.17823275,4.612671734,3.657502734,6.918841104,0.791181805,3.840085923,0.221762732,0.537505225,0.234671401,3.671101156,5.135402752,1.58029938,0.309555129,0.225286021,0.108893919,0.221309253,0.143339658,0.340126188,0.078255636,0.068100265,0.070573285,0.032890334
28_2.cdf,1.815974249,0.377881692,0.02735421,0.031333288,0.14526834,0.132378533,3.776329174,0.48915979,0.048636801,1.165453527,9.508814418,12.58940865,2.231909841,1.999471707,10.80804686,11.06838998,0.017267607,0.027506007,0.068538757,0.125596874,1.100549336,0.997204644,7.323139312,8.07406032,0.54645399,0.147574092,0.263639838,1.211994673,5.096365931,5.611573204,0.978796048,0.985608948,0.156878486,0.319986481,0.260267442,4.352366761,3.412857129,1.502370781,0.295190916,0.123460779,0.035311951,0.213303183,0.0797164,0.23332195,0.026007631,0.062121228,0.13515824,0
29_2.cdf,1.084930796,0.521429707,0.014412908,0.022208403,0.061088577,0.102301208,3.907321619,1.121214991,0.030407687,2.376415725,6.989561765,8.873425222,3.872284258,4.40184128,6.92828029,8.090806986,0.007506507,0.012400452,0.091575079,0.08550765,2.018688707,1.981249852,4.901019188,5.76895485,0.871696278,0.342390519,0.454028603,5.519840033,4.53972134,5.176785362,0.615837094,5.950861278,0.392545584,0.747147557,0.292258429,4.321341288,4.048241693,1.526398504,0.343888188,0.166002249,0.242149965,0.227341261,0.145110011,0.419348759,0.15870635,0.116652515,0.115751096,0.001122338
2_2.cdf,0.212074788,0.030210273,0.498712561,0.014526831,0.031506467,0.52729684,3.084955499,0.078524719,0.02097799,0.240751511,14.65897036,20.82582914,0.598780228,0.533035564,18.48773239,18.29495825,0.128529617,0.016110546,0.025352739,0.085952145,0.86665252,0.603346872,4.319992746,7.303843688,0.658534892,0,0.20072391,0.595333196,1.117481519,2.196305403,0.864767765,0.509707277,0.052511372,0.023091848,0.036190767,0.82910578,0.79901306,0.53770349,0.029689681,0.037987942,0.013664433,0.000148724,0,0,0.005587748,0,0.002612721,0.00121419
30_2.cdf,0.381305697,0.199131302,0.39882995,0.938565847,0.611930413,0.455755517,3.749451385,2.102097679,0.274486595,1.300369327,6.049643983,8.624671311,1.932760706,2.938894513,6.900293083,8.175302279,0.055724451,0.136382891,0.030059111,0.073287203,1.180529305,2.539517548,5.401908207,7.192593605,1.330760952,0.030145609,0.478668776,3.650272351,5.378756379,6.844579052,0.676821864,4.045291981,0.090944086,0.174163877,0.322813805,5.592028449,6.100726867,1.411859841,0.666768063,0.313294943,0.219376729,0.161778233,0.026320985,0.370976731,0.161710148,0.289670216,0.004689506,0.014088649
31_2.cdf,0.070923145,0.052850459,0.007132104,0.048577605,0.143967577,0.066287661,3.684639831,1.148725882,0.105307669,1.11699315,6.178213398,9.493687864,1.388480182,2.726792874,7.447181951,9.081739168,0.005433112,0.019722667,0.019972129,0.047515726,0.856723823,2.244361785,5.770642665,7.888348384,1.101877017,0.007285655,0.299379522,4.947893566,5.483507156,7.502378012,0.642039523,5.281327883,0.082590122,0.11308149,0.390228176,5.603865905,6.499197988,0.861026918,0.451624285,0.277680186,0.195693088,0.066513443,0.015922176,0.219204732,0.166653759,0.168617165,0.001352917,0.006838505
32_2.cdf,0.106731038,0.371197694,2.848301536,3.731650342,1.224475931,2.246316458,3.625016887,3.773177484,0.418573851,1.055644451,6.301289046,8.398995236,1.806071314,2.138573802,6.920835677,7.829830753,0.635715427,0.763261643,0.04722776,0.089797808,0.889234978,1.668353848,5.116670528,6.815284841,0.827402024,0.049607731,0.280805659,1.994509925,4.670410925,6.347700697,0.72932713,2.564046768,0.07646354,0.193627839,0.44166811,4.592164537,5.103294184,1.40560851,0.348175028,0.179682971,0.041749326,0.274168824,0.013542925,0.4519872,0.046425321,0.520856402,0.001060914,0.023485178
33_2.cdf,0.381031591,0.067934883,0.013923632,0.081824445,0.267309668,0.099284915,4.750040622,1.31528388,0.093592859,1.951648569,6.413774958,9.073561886,2.006631961,3.210357401,6.942733707,8.220509007,0.007245299,0.023018118,0.02194961,0.095146674,0.954569645,2.161090197,5.20978525,6.885055437,1.080058915,0.014523947,0.334774589,5.570097257,5.029066065,6.6800872,0.610327319,5.241460312,0.113660753,0.133460404,0.661919353,5.350235256,6.211131115,0.870944137,0.628523929,0.381623382,0.22257982,0.053813771,0.0210038,0.235870722,0.140477195,0.151144662,0.005776146,0.010135738
34_2.cdf,2.392804719,0.429548443,0.02165313,0.035256777,0.077968703,0.122387095,5.454771343,0.930079266,0.041667572,2.402116548,8.569064278,10.07195851,4.202494353,3.385313837,8.327201526,8.502408403,0.011361619,0.020530037,0.070121225,0.339933272,2.073406969,1.925413461,5.869300469,6.538532748,0.794813651,0.202537079,0.529693146,1.824387144,5.121305369,5.593465747,1.205461156,1.224379143,0.252315276,0.722835049,0.393028806,4.423982559,3.524683443,1.237852437,0.269882679,0.109666621,0.029041933,0.107930256,0.081788721,0.326202556,0.03240856,0.117983301,0.05906106,0
35_2.cdf,0.053887224,0.238185347,0.010825093,0.092055646,0.315638144,0.047051603,1.543079055,0.421922983,0.065789423,0.287363296,7.222533797,10.47847433,0.753549971,1.011844238,10.85536528,10.77635793,0.00735236,0.018047953,0.026411608,0.104308537,0.711946675,1.165053669,9.63427529,9.446443691,0.724182953,0.034896978,0.33822037,0.811845982,8.28489,8.287341665,0.868384509,0.927283969,0.079381602,0.140701847,0.359552925,5.458564545,5.629021716,1.619728031,0.247020273,0.137918997,0.028543065,0.298935521,0.017854078,0.200706692,0.03301714,0.173156088,0.001541256,0.009546649
36_2.cdf,0.14052728,0.65155068,0.01126482,0.18422126,0.340057214,0.060026971,2.823591563,1.229580552,0.086259569,0.740412647,8.205626555,9.190092263,2.022254764,1.778269117,8.920702135,8.779804112,0.005947035,0.024300066,0.023692761,0.3114836,1.18504609,1.348124473,7.749684334,7.080963786,0.775282411,0.140577447,0.440749064,1.638713379,7.207137251,6.359545852,0.665816564,1.117292269,0.23912161,0.393151042,0.904646616,5.622051653,5.247560759,3.897018595,0.374781301,0.186520854,0.028899577,0.717546489,0.464612193,0.274851348,0.019459405,0.190636676,0.011213432,0.189330567
37_2.cdf,0.051125063,0.225513418,0.021197913,0.078620248,0.222368103,0.059936655,2.693306562,0.49905734,0.059179783,0.652523015,7.565573462,9.678364517,1.359595228,1.857010314,9.240363552,9.563775321,0.007353729,0.018889802,0.023412416,0.17383062,1.028158796,1.73517816,8.088454828,8.098263565,0.934413205,0.064623549,0.434794813,1.584380189,7.723572475,7.473446263,0.92940741,1.255480953,0.161879488,0.172264109,0.571426508,6.199168328,6.216611175,1.917613011,0.352111258,0.201554385,0.064745065,0.355463451,0.030275348,0.204513747,0.043950569,0.09506924,0.002387938,0.00979511
38_2.cdf,0.013673224,0.415173568,0.015169296,0.062614844,0.304564768,0.059606357,3.058007609,0.749726445,0.046108057,0.85557878,7.305291682,9.090173107,1.596164946,1.983006936,8.292773611,8.66403932,0.005994261,0.014111716,0.022018356,0.193980684,0.861489227,1.429561259,6.993946785,7.05474067,0.804909067,0.072790832,0.308243689,4.247600359,6.291766003,6.679805218,0.681905572,4.36592076,0.144893264,0.255409956,0.543304491,5.509290138,6.034023916,2.923853196,0.439370193,0.285198997,0.184896406,0.541836264,0.111960099,0.256776521,0.094656031,0.106761235,0.001915382,0.025396905
39_2.cdf,0.402304806,0.049227626,0.016375816,0.019787437,0.046470722,0.072128649,2.277421944,0.413618726,0.040907994,1.16499251,6.819379153,8.382358925,3.242352058,3.560350155,7.40722576,7.981370542,0.007607124,0.01267254,0.02385655,0.120442098,1.707232427,2.360289133,5.941903616,5.971764671,0.969972337,0.040746754,0.588364733,6.857710111,5.98153509,5.418707894,1.242893755,6.798697585,0.185161752,0.106284316,0.421862433,5.646942201,4.688378593,0.919095969,0.64759625,0.240642752,0.697880058,0.034478641,0.030244354,0.20342832,0.153210943,0.064767997,0.018823721,0.000532462
3_2.cdf,0.034352225,0.029243801,0.024105733,0.082486748,0.025058882,0.060241105,0.478512253,0.109746378,0.023205106,0.143935744,12.05303242,18.90533808,0.654571287,0.767730867,17.77967978,21.21533552,0.011604329,0.019195268,0.0229601,0.029831837,0.931519408,0.706987663,3.716867588,7.970192043,0.665036488,0,0.140049404,0.746037681,1.417699718,4.203794108,0.714027234,0.710417115,0.016373262,0.018078379,0.006450571,1.717451996,2.573967273,0.807648163,0.202828898,0.171840934,0.014412107,0.001546714,0.004485983,0.052280427,0.010875581,0.006302465,0.001552181,0.001109142
40_2.cdf,0.015910396,0.068638911,0.017545213,0.018142224,0.067627839,0.054799453,1.696859698,0.293354344,0.018551322,0.549698779,7.822745979,10.83998104,2.135825621,3.226643877,9.823141131,10.94325927,0.008733996,0.015414584,0.032459013,0.08297516,1.220019856,2.101047622,7.557765113,8.686644055,0.872348765,0.055671123,0.325460358,1.736001386,5.950637801,7.883136292,0.852998569,2.451111093,0.092952506,0.139375294,0.1804572,4.584289195,5.610083224,1.057479782,0.238876066,0.17135188,0.012127113,0.063146418,0.010564106,0.157418832,0.014086045,0.125323183,0.109980717,0.007338551
41_2.cdf,0.008343931,2.136975061,0.016572518,0.025779561,0.881076921,0.135330621,3.711168764,1.907950353,0.068440886,1.645580693,6.644915836,7.431395646,3.868518237,2.81113005,6.413731051,6.56964849,0.005914808,0.013999555,0.274769533,0.520651581,2.489635376,1.44289491,5.220743138,4.704406093,0.787341338,0.983957963,0.501763162,1.80045166,5.058541379,4.487215887,0.663447147,1.853473755,1.274662458,2.091463712,0.986696089,4.813122938,4.462974194,4.679944157,0.764201054,0.349749042,0.041398539,2.235955614,0.095968387,1.305126279,0.028447766,0.920457001,0.852965931,0.011100935
42_2.cdf,0.785582693,0.915916641,0.305520319,0.339462599,0.956557499,0.918194986,0.453215679,1.087663997,0.448583371,0.483034611,0.969347552,0.943761847,1.082124648,0.796162536,1.077565021,0.853961308,0.288931869,0.370335787,0.89038245,0.984141898,1.945858584,0.990406952,0.257925045,0.065415919,3.112393195,0,0,2.389915959,0,0,10.99655673,8.868913586,0,0,37.14129824,4.121824506,4.565627696,8.326441348,0.009970317,0,0.306972082,0,0,1.135837395,0.107246282,0.633568825,0.073380026,0
43_2.cdf,0.008384336,1.580187776,0.008965788,0.104794786,0.699455137,0.086971117,3.663944262,1.853958569,0.034193563,1.575559275,6.915621071,8.390019091,3.774065681,3.151421355,6.963156419,7.640872964,0.00410833,0.011291602,0.217440845,0.172348032,2.169425808,1.931160699,5.621186178,5.932669617,0.956180928,0.464170839,0.511466244,1.422395548,5.342639943,5.648242972,0.764007937,1.540524352,0.591970704,1.37809023,0.61179562,5.152090696,5.335940747,4.055960789,0.657139278,0.324044771,0.022059593,0.880545856,0.161942811,0.687090112,0.012436484,0.442288264,0.218981613,0.30679137
44_2.cdf,0.131433968,0.252070625,0.018062,0.019578322,0.353401413,0.107470275,3.037552074,0.594325169,0.047665171,0.653312822,8.035050414,8.831339913,2.219454219,1.400483588,8.782941259,8.331218615,0.008687353,0.015922657,0.031032889,0.357860082,1.660749726,1.404040222,7.485454838,6.827085767,0.84723285,0.3193646,0.650509881,0.45714409,7.521857299,5.941380827,1.661852243,0.640096963,0.510038542,0.589117751,1.75383377,5.999514102,4.736866124,4.578264208,0.368152325,0.142794653,0.007323446,1.108429704,0.303381962,0.395323988,0.007494562,0.191022543,0.656872259,0.005937927
45_2.cdf,0.164881111,0.164511389,0.013690372,0.169368466,0.085204088,0.070029484,1.656002069,0.976981328,0.16220873,0.563249006,7.555617071,10.92033503,0.982643958,2.122297174,9.976286525,10.96251057,0.009186792,0.031456733,0.030013664,0.124009498,0.622108377,1.648747509,7.592860737,9.208061203,0.811344348,0.028314217,0.178770635,3.221291276,5.307536801,8.659170502,0.510394117,2.258139826,0.093230952,0.097005648,0.562563744,3.984135729,6.777185166,0.881333621,0.198893867,0.1983713,0.047102229,0.082645179,0.029066374,0.128781103,0.039474424,0.057870878,0.017972369,0.017144807
46_2.cdf,0.019704066,0.573846358,0.017925355,0.395517096,0.276288927,0.092358882,0.98277475,1.42756086,0.403475278,0.314717039,8.056641288,10.65896485,1.162076574,1.239739794,11.16759319,11.24315474,0.009042954,0.033472448,0.03317,0.129978651,0.777140864,1.207047689,8.777738943,9.560737155,0.727806757,0.112837798,0.228578057,1.163962403,6.23017818,8.12967389,0.677034089,0.888378391,0.118161223,0.209832706,0.384240403,3.449661085,4.918091248,2.906182995,0.185747394,0.116867373,0.011901464,0.560920313,0.045978953,0.209712352,0.011053851,0.111582282,0.014509916,0.026439126
47_2.cdf,0.152002594,0.392074736,0.012109713,0.222066119,0.154735282,0.059357629,2.044923518,0.784093697,0.143757962,0.491076881,7.555314912,10.31693834,1.143906195,1.648467437,9.843758299,10.29734551,0.006905613,0.022631498,0.025845157,0.112899771,0.822268933,1.645255227,8.608386848,8.800664271,0.856842644,0.050919292,0.30444446,1.98832134,7.449983304,7.860439649,0.602492227,1.405142633,0.096614572,0.17874404,0.383644818,5.312542742,5.207278877,1.939681689,0.228039086,0.12092082,0.068461745,0.264148818,0.036210929,0.179242073,0.047068875,0.091159171,0.003438841,0.017431217
48_2.cdf,0.196768243,0.323509312,0.019451896,0.159790972,0.09703994,0.076889802,3.106691766,0.595226851,0.169915228,1.065020283,7.049933485,9.623107556,1.687079205,2.930964491,8.243420408,9.072213299,0.006910971,0.026824126,0.024523522,0.133511676,1.015739921,2.134773013,7.1191432,7.392439143,1.040402462,0.031258157,0.37684432,4.9847849,6.671230376,6.980521599,0.568715028,2.807515486,0.09141837,0.108250413,0.246468075,5.346519114,5.921623056,1.30327404,0.286411285,0.194543779,0.13995717,0.170521968,0.025797868,0.181836786,0.135029149,0.102447639,0.007679738,0.006060916
49_2.cdf,0.207196435,0.528447393,0.012945938,0.016095222,0.099748517,0.077071446,3.668361464,0.517566071,0.025656443,0.654657054,8.823733879,10.04292665,1.898678134,1.157095017,10.02258645,9.465585518,0.007257252,0.015155047,0.028843351,0.377510683,1.25457069,0.98483967,8.11001096,7.67122939,0.619027393,0.45659454,0.322342565,0.556383081,5.877829491,4.993377983,1.195972691,1.764330763,0.628874373,0.941631611,1.570720167,2.890297255,2.265201997,6.745264547,0.189129886,0.07057766,0.005898996,2.334695636,0.303440066,0.445543206,0.00362809,0.146220292,0.004726949,0.00052209
4_2.cdf,0.037183392,0.029676744,0.027397644,0.078572288,0.027343768,0.04998207,0.292201061,0.100887017,0.02233561,0.108554643,11.28668169,17.74291031,0.718318838,0.802531477,18.49295129,21.30113133,0.011130421,0.020614892,0.024292496,0.031316648,0.998415255,0.760396361,5.019281062,8.410270517,0.680198986,0,0.191753056,1.170356491,1.838116747,3.616953233,0.728954421,0.860511202,0.040792756,0.040674625,0.02527551,1.534954588,1.82437717,0.732168602,0.133131198,0.111321411,0.013611367,0.001055358,0.001102286,0.042709932,0.00974872,0.006366026,0.000685813,0.000803672
50_2.cdf,0.196956239,0.204447109,0.01055768,0.036496087,0.039369213,0.087052486,4.356096509,1.129265,0.047818006,2.796739309,6.452722659,9.546690554,2.355860406,4.604418134,6.58752283,8.644402907,0.005853463,0.013974385,0.02520355,0.056079616,0.812491285,2.485756425,4.28292983,6.642507774,1.073473543,0.073460529,0.157399334,6.934799083,3.532244991,6.44610844,0.460914072,6.953637908,0.119336258,0.099644316,0.22330976,3.654760009,5.854816128,0.812957239,0.324604581,0.353672685,0.671173288,0.078508919,0.15639497,0.210063829,0.299542343,0.07137536,0.007365465,0.009225498
51_2.cdf,0.110862868,0.219214485,0.010560056,0.156067783,0.067178736,0.065707277,3.678763567,1.293707646,0.064784449,2.015131362,7.749090686,10.39664964,2.706822218,4.136088989,7.882240296,9.602967461,0.007129349,0.021350841,0.04329386,0.064113182,0.940976714,1.688507757,4.868924332,7.266169485,0.733112345,0.149248748,0.162815845,5.824984997,3.507880844,6.813518835,0.558593671,5.653473452,0.133374347,0.10260263,0.121376874,3.197011738,5.215597336,0.853023876,0.207123136,0.186748286,0.155613121,0.091322355,0.271580183,0.149894131,0.065111912,0.04682533,0.341460237,0.401402731
52_2.cdf,1.242852447,0.070823281,0.008850796,0.032466275,0.038852702,0.118147823,4.870929397,1.224178327,0.09049416,2.97402374,7.175215297,8.846589945,3.47172969,3.985610456,6.506925319,7.560707775,0.005607495,0.012843736,0.01928918,0.162532306,1.267890812,2.222934539,4.422277404,5.805620757,1.053905118,0.048888105,0.301721042,5.913415321,4.260564109,5.874361806,1.051792515,5.11200429,0.080431755,0.035112546,0.172996863,4.836996978,5.898466384,0.673742542,0.86014887,0.651166031,0.475570119,0.034732353,0.08665039,0.181744151,0.187149483,0.053053519,0.012160774,0.00583128
53_2.cdf,0.083138309,0.083225437,0.00829268,0.103303651,0.053838614,0.07310181,3.898758396,1.471994793,0.436668258,2.4967919,6.509555181,8.917680556,3.243346524,4.582599767,6.56178362,8.252399056,0.005745168,0.017574035,0.024667576,0.063956062,1.346514847,2.550331124,4.434267939,6.05979043,1.108061199,0.240594829,0.293340824,6.256722032,3.964307174,5.752940392,0.940984154,5.89194461,0.228312948,0.187420861,0.248032028,3.782975108,5.004165952,1.767724585,0.315050888,0.250131277,0.823364461,0.407346822,0.376405817,0.327379407,0.344498266,0.129020504,0.038647591,0.041302539
54_2.cdf,0.020839948,0.036388202,0.016057474,0.056432964,0.084553404,0.118167967,5.146757991,0.563397537,0.065212723,2.733268756,7.872882332,11.13886524,2.541967612,4.388494096,8.12639222,9.746964365,0.008968639,0.022372439,0.029103783,0.105806583,0.688070424,1.328789589,4.860553428,6.987165335,0.546636817,0.029407569,0.147931437,7.519108166,3.402449298,6.009239789,0.688361736,6.736349231,0.064217639,0.026146306,0.153192138,2.996752395,3.680205937,0.522042242,0.177196595,0.113793233,0.162956842,0.03600041,0.019230296,0.136348659,0.069173671,0.063300067,0.008721569,0.003764903
55_2.cdf,0.01116479,0.031244517,0.012526028,0.025800355,0.05595066,0.111445185,4.969923355,1.090087942,0.041909362,2.787763228,7.977728269,9.537104351,3.871969699,4.197365524,7.483824378,8.283504471,0.006496745,0.011921703,0.020551905,0.141456348,1.203044733,1.282144072,4.828625805,5.818560531,0.588962067,0.236286939,0.267785464,6.598302004,4.086368841,5.050070227,1.072965233,5.935709681,0.257142162,0.16401066,0.294200099,3.835920307,3.540077267,1.736512582,0.296852035,0.140461469,0.244210738,0.695316641,0.072142695,0.529225144,0.118883882,0.373952839,0.057429607,0.005097465
56_2.cdf,0.01410525,0.032063114,0.008406274,0.024262456,0.077554382,0.095471855,5.11018319,1.013281089,0.030834398,3.143215892,7.811974886,9.888389158,3.698462674,4.725315706,7.416977522,8.656541024,0.005850031,0.013038127,0.023766621,0.127962544,1.164082124,1.468438222,4.610954461,5.960426135,0.657330556,0.216435873,0.234776764,6.365062674,3.710625079,5.298913421,1.082544368,5.836162682,0.243073216,0.152671939,0.462178217,3.443963014,3.720065715,1.709106711,0.248914697,0.138144132,0.144118449,0.631273655,0.056859281,0.30725165,0.059454763,0.126016518,0.030654157,0.002845333
57_2.cdf,0.014756624,0.034372366,0.00898772,0.025999067,0.048294113,0.074703182,4.358750835,0.392373979,0.027680276,2.417737152,7.487077201,10.78540117,2.657106081,4.756854997,7.986093738,9.808472647,0.00646333,0.014458412,0.024220399,0.06238768,0.756565589,1.464571837,4.860468214,7.011892903,0.587864945,0.064740969,0.16663633,7.124331304,3.50345819,6.163445032,0.642733799,7.190904854,0.107149258,0.059317433,0.203257015,3.189582325,4.253377927,0.682996551,0.209635569,0.155321879,0.146215731,0.093898121,0.022104848,0.173819095,0.067712578,0.080383901,0.017313094,0.008109745
58_2.cdf,0.64081463,0.139717357,0.012563796,0.015283507,0.141529118,0.078997637,4.134574513,0.153665724,0.020397832,0.633826164,9.200123593,11.36407298,2.075290918,1.43943704,10.78012986,10.71208293,0.008363371,0.016911123,0.027941974,0.184895304,1.264663712,1.281087294,8.602310336,9.333282732,0.621863356,0.067783532,0.479689714,0.401249737,7.447178469,7.033382893,0.837697889,0.388085737,0.09150006,0.047880219,0.26334332,5.355710898,3.247101981,0.818746502,0.157942926,0.064718345,0.001991641,0.18118663,0.023674782,0.12200077,0.002029875,0.074556478,0.008245527,0.000475283
59_2.cdf,0.057588392,0.157043291,0.007341061,0.091872897,0.058144072,0.076735029,3.999563081,1.203864851,0.438871764,1.728622939,6.998604237,10.10641705,1.971696533,3.323782864,7.45394023,9.034542007,0.005189188,0.021629452,0.026501814,0.057958385,0.751003355,1.743432924,5.10686474,7.238897235,0.856786336,0.079395963,0.177753369,4.571381677,4.406870004,7.212892413,0.673830814,4.329070682,0.12684751,0.113319418,0.243024501,5.00730858,7.279980394,1.053047765,0.50968838,0.661424075,0.248940134,0.123435628,0.125736065,0.21478484,0.166666321,0.084411298,0.0136177,0.059678742
5_2.cdf,0.048249185,0.042303274,0.100263448,0.226423099,0.037400101,0.141470387,1.222249603,0.177115818,0.036267341,0.216363425,7.465217024,23.07402021,0.490178868,0.749107884,18.730744,22.73630047,0.022071522,0.031495133,0.03265339,0.043639148,0.962023636,0.742533154,4.210127374,8.936205667,0.720093702,0.000144963,0.156616708,0.679797958,0.921372636,2.995772957,0.83459583,0.592139737,0.031106359,0.021127372,0,0.805693082,1.053006274,0.584248078,0.04005233,0.059365497,0.015881833,0.000720048,0,0.000185516,0.009129931,1.08E-05,0.003556841,0.000958393
60_2.cdf,0.029188015,0.711843541,0.008382151,0.130687099,0.261605797,0.074838042,4.04814558,1.826681923,1.48099471,1.708983796,6.548646694,9.146367371,2.244176133,3.134120303,6.997702055,8.227985317,0.004963419,0.01734475,0.042570697,0.06608669,1.066998774,2.12338369,4.988479927,6.888156883,1.05774274,0.292855437,0.270271307,4.825371624,4.561509138,6.631110096,1.240225018,4.032841081,0.190708774,0.129916958,0.333487307,4.613640865,6.029985205,1.53888707,0.377523879,0.322897903,0.274629398,0.449517188,0.494281782,0.250847346,0.173123146,0.114411948,0.001174704,0.014706728
61_2.cdf,0.055775185,0.839651865,0.008629622,0.073995625,0.728585559,0.07280263,4.086990316,1.293583601,0.051622452,2.004121185,6.512447557,7.945869607,2.953348564,3.273194034,6.212009938,7.187857698,0.00494526,0.015152951,0.078108478,0.148435164,1.329763383,2.094441597,4.40499579,5.805220568,1.076140191,0.481419962,0.383831871,5.731388379,4.388938516,5.674858435,1.367919269,5.572746309,0.376742751,0.194737532,0.665129439,4.582970823,5.493405379,2.088130972,0.55873833,0.395699151,0.589118962,1.271098126,0.800480364,0.51878584,0.282113352,0.293834313,0.004190837,0.026032267
62_2.cdf,0.089321375,0.873831334,0.015807964,0.132688304,0.333420535,0.08186084,4.592291067,0.965679863,0.080502011,1.17480661,8.45807009,10.69312018,2.225707819,1.801989995,9.112560978,9.473396921,0.010183112,0.033759413,0.053126636,0.157567368,0.988969532,1.221380721,6.365868283,8.054397065,0.636167384,0.289150561,0.265113101,1.849876113,5.170074636,6.98588797,1.187537883,1.252467026,0.4653453,0.249484678,0.738011416,5.117891232,4.630762809,2.250253589,0.310677935,0.136776904,0.03243363,0.702066645,0.25643443,0.271169099,0.021413421,0.088572454,0.062396428,0.039727335
63_2.cdf,0.85579129,0.207877373,0.016823316,0.018054937,0.259603518,0.068691391,3.27599071,0.134365517,0.022333991,0.367370172,9.536601059,11.36969756,1.50700677,0.88839548,11.68773802,11.0437979,0.009836441,0.020680772,0.037415531,0.242955905,1.163164997,0.858278494,9.303657646,9.341270426,0.503322197,0.031665179,0.423963613,0.340871955,7.734144988,5.387595854,1.882461924,0.387400614,0.176628789,0.181693075,0.370611476,4.781091319,2.214796346,2.080938527,0.142579477,0.037781019,0.004091048,0.540775989,0.010167724,0.296745895,0,0.227120679,0.005530721,0.000622373
64_2.cdf,0.096437286,0.702529759,0.011241111,0.015430991,0.52187311,0.111979334,6.251957808,0.440382757,0.018305419,1.132128021,8.78548205,9.88164019,2.662644454,1.39679293,9.208913515,8.702694465,0.006664664,0.013764919,0.042784868,0.54414478,1.390425819,1.038098796,6.899205594,7.256674013,0.575032265,0.283467948,0.444566995,0.38338895,6.162098479,5.218679939,1.618860453,0.442441643,0.52135734,0.596429414,1.124466428,4.771675274,2.599164092,4.226185762,0.21170875,0.063710903,0.009923154,2.224376111,0.167065086,0.702667306,0.003354065,0.510452109,0.006265704,0.000465178
65_2.cdf,0.150132696,1.078198752,0.012231382,0.061525197,0.156578347,0.062626578,3.203275424,2.008336211,0.060567353,1.360713319,7.596857854,9.010145514,3.795292494,2.654043142,7.767887206,7.986959537,0.007287654,0.01607624,0.129793837,0.096574797,2.053957366,1.172353397,5.199546033,6.042025182,0.602306491,0.43472086,0.296862368,3.771267877,4.366192146,5.455348161,0.701173949,3.171595323,0.884431853,2.007139351,1.035352345,4.868949715,4.735955309,3.336656165,0.503312289,0.26200185,0.082550806,0.459789174,0.50450355,0.515769306,0.048881997,0.094142841,0.149428501,0.028682262
66_2.cdf,1.125409729,0.068922458,0.018816116,0.215293799,0.071256682,0.098763139,2.786990594,1.438452826,0.465394651,1.283469167,7.300541158,10.03057553,2.798491871,3.830202328,8.338962571,9.420954495,0.011196628,0.033894608,0.040208618,0.095951858,1.267981962,1.914137316,5.677555081,7.214268984,0.752037881,0.063452771,0.284139981,5.403871113,4.731395255,6.551637619,0.640772735,4.597862788,0.100580332,0.121827472,0.191505621,4.349764105,4.760234472,0.791870039,0.271154176,0.170778083,0.148225846,0.050578559,0.039677084,0.167070201,0.107261678,0.060406942,0.068651814,0.027551262
67_2.cdf,0.779890366,0.119362484,0.024554501,0.043226673,0.075756462,0.083542548,1.494905378,0.18278339,0.042336462,0.243551636,12.07283105,18.43715434,0.737557577,0.642318241,18.45471951,18.47480785,0.020499321,0.049723284,0.065216441,0.103737744,0.482592355,0.475989657,7.511413798,8.885607696,0.403562363,0.007266855,0.137779584,0.402004418,2.349641839,2.674246801,0.982818946,0.417209247,0.075623423,0.027157636,0.121228508,1.20633876,0.947931968,0.581947293,0.03699052,0.021265211,0.00708424,0.005628481,0,0.036077805,0.007497311,0.03300143,0.011317913,0.002300681
68_2.cdf,0.134297199,0.273335972,0.008940781,0.029766539,0.048820448,0.072034383,2.847419377,0.601033353,0.052665072,1.14892297,7.992622124,11.64570175,1.99578495,3.163815712,9.129311132,10.74674674,0.006292595,0.015461324,0.035523152,0.042976515,0.805917824,1.278653013,5.930742392,8.184286407,0.565428517,0.033022323,0.142759249,4.923246887,4.240098073,7.180594817,0.514239365,4.261514922,0.061941935,0.170129903,0.091280288,4.37863488,5.559954202,0.788264333,0.286751701,0.218484897,0.075610208,0.031476281,0.028001813,0.147563416,0.047559867,0.038834235,0.018849377,0.004686781
69_2.cdf,0.597449597,0.266105561,0.022292426,0.025223623,0.195239978,0.093328386,2.868967762,0.135544152,0.030158652,0.317760417,9.475924485,13.85815329,0.709622206,1.10870721,11.99741925,14.58745934,0.015724414,0.028740007,0.059107478,0.158062886,0.574860063,0.951192069,8.320692159,12.53355919,0.543167474,0.026327318,0.147478746,0.650601928,4.1718599,6.777940116,1.241534242,1.890101868,0.050777407,0.158854652,0.162239379,1.778250346,1.586819784,1.194652373,0.078737828,0.036202328,0.006981552,0.181105772,0.006880018,0.188060393,0.003379264,0.17217962,0.014573088,0
6_2.cdf,0.043824828,0.039528063,0.042967333,0.075018321,0.031332432,0.053326646,0.25520256,0.093412079,0.023929278,0.094776623,12.66402592,17.95169548,0.650555782,0.653574661,19.75415916,22.35896854,0.017686148,0.026306575,0.029336535,0.035127138,0.977969786,0.69825873,3.66516272,6.923316818,0.676067261,3.20E-05,0.163657986,0.840304753,1.334153339,3.412559466,0.832068894,0.746275091,0.033608309,0.025676841,0.014612781,1.547308569,2.05410578,0.782740596,0.159278692,0.140947886,0.018307585,0.002224258,0,0.036235488,0.012659579,0.003610214,0.003092481,0.001010025
70_2.cdf,1.2631059,0.257780403,0.01342657,0.016280175,0.184125185,0.078916902,2.810207987,0.133642641,0.020826584,0.31050711,9.542678117,12.52249276,0.904768385,1.039812986,11.55246033,13.1241762,0.00998783,0.019901345,0.046694236,0.164320883,0.684152985,0.96547771,8.583552621,11.30627835,0.559537745,0.042289006,0.18380514,0.675201361,4.910373234,6.220977257,1.159844463,3.209248241,0.085953378,0.306258338,0.399704128,2.486817597,1.769523802,1.511242207,0.106340951,0.036336033,0.005128918,0.308905958,0.032255636,0.269679042,0.003898571,0.149531122,0.011129561,0.000444115
71_2.cdf,0.133074751,0.467880106,0.015941206,0.135120925,0.201841712,0.077845704,1.527268814,0.634528749,0.093261184,0.377369893,7.920032295,10.10984658,1.238481805,1.405471791,10.24621425,10.49179203,0.008553114,0.023262832,0.034998954,0.165053921,0.941698424,1.502905817,8.987477618,8.962942699,0.85847945,0.076989282,0.310485862,1.528169834,7.495886718,7.769357854,0.611968965,1.205041537,0.12405777,0.258311582,0.479090245,4.702252151,5.287586422,2.315653955,0.225112749,0.123650074,0.040776656,0.38533161,0.036909052,0.229353908,0.04155472,0.11053812,0.052189855,0.028386456
72_2.cdf,0.183635389,0.613737249,0.013777097,0.066782383,0.155527358,0.063537855,1.539158131,0.660911353,0.058961633,0.423857762,8.10966662,10.429801,1.213288,1.394548734,10.38375974,10.45109348,0.008760847,0.02671767,0.033379419,0.203003226,0.755044095,1.043479119,8.113829611,8.255943913,0.639402514,0.095100731,0.217878175,3.351952658,6.165635114,7.257632466,0.488170522,2.10860129,0.155136425,0.249634076,0.502461118,3.900467541,5.596853729,3.421272943,0.233330841,0.168484006,0.069454863,0.578823708,0.080806144,0.240661554,0.043896867,0.103538889,0.055581548,0.073020591
73_2.cdf,0.095434255,0.18136597,0.009924221,0.051321015,0.0480941,0.05171614,1.792540242,0.437970563,0.045580207,0.477069144,8.224814725,10.76281919,1.19361545,1.646630618,10.41073289,10.74475166,0.006848102,0.017925968,0.022898407,0.144547143,0.753301244,1.232789677,8.555158617,8.778125988,0.681135848,0.069374993,0.23255505,3.766004721,6.471896353,7.638855653,0.546208376,2.323082655,0.104172083,0.125176848,0.305877238,4.083489182,5.245337678,1.788982299,0.196994246,0.130778745,0.065931644,0.208319402,0.039467644,0.15549317,0.042435997,0.054791708,0.018598025,0.019064912
74_2.cdf,0.240255728,0.186936297,0.010161875,0.063318141,0.048830548,0.055346235,1.882945824,0.375573969,0.056770271,0.543061238,7.356032665,10.17175601,1.161009859,1.736496847,9.461873392,10.06965273,0.00682572,0.018508443,0.023386745,0.108380663,0.735473753,1.31165192,8.065847724,8.217773096,0.736418002,0.048199808,0.239593565,4.397463442,6.69897744,7.571547892,0.416425033,2.708763099,0.094638766,0.152020982,0.218105028,5.274802983,6.294523906,2.052756472,0.314764264,0.220987444,0.105247387,0.163486915,0.028463515,0.1909255,0.057336233,0.070819947,0.022376831,0.01348585
75_2.cdf,1.063066134,0.688840319,0.015747323,0.019256482,0.218963931,0.107493793,4.230570486,0.959535452,0.026188732,1.247105419,7.947747495,9.273970341,3.139193598,2.411834542,8.283160964,8.532060133,0.007390017,0.013822607,0.047308712,0.436156097,2.116206217,1.877087716,6.812868306,6.700725023,0.914553951,0.33574977,0.670986475,0.651773943,6.788613218,5.291945739,1.608295299,1.341022168,0.339100177,0.691225495,0.667042184,4.997427133,3.426348212,4.263031937,0.250541902,0.092565349,0.009076834,0.583846754,0.170143834,0.439257674,0.004712887,0.263282658,0.022501949,0.000654616
76_2.cdf,0.122023291,0.234141388,0.012368536,0.11059851,0.069733981,0.056284196,1.986928848,0.63290314,0.094014351,0.60377471,7.607269835,10.74073964,1.524728667,2.008126335,9.734949756,10.38528435,0.008188177,0.023875236,0.02926072,0.07665397,1.059040633,1.543590151,7.920461037,8.509450352,0.715181791,0.067729188,0.318790436,4.134324862,6.60524219,7.023813396,0.522267405,2.927938804,0.1577091,0.155543951,0.387827318,5.385072673,4.040723607,1.255244194,0.229305814,0.097007581,0.157215634,0.118918577,0.023244752,0.16946182,0.121921715,0.063263391,0.085523682,0.142338316
77_2.cdf,0.016879681,1.361832264,0.012839421,0.067339413,0.215913471,0.051292463,1.402936581,1.859855606,0.049592414,0.427631438,7.245481949,7.976832345,3.466226645,1.773180024,8.002808557,8.066801324,0.006579508,0.018068277,0.058276623,0.155233253,2.242630321,1.31358618,6.404483506,6.232289997,0.767332748,0.709951382,0.435452912,2.343879959,5.794239794,5.419509031,1.154450021,1.852976001,0.91874291,1.748463906,1.007631675,4.720562875,4.469182481,5.774068148,0.381156236,0.178557709,0.042175567,1.789497308,0.283393277,0.779207666,0.033657789,0.277810841,0.614361995,0.075146508
78_2.cdf,0.061553002,0.760672668,0.020332466,0.341217953,0.072745416,0.070722796,1.628673967,2.365613497,0.084802349,0.593657637,7.559979846,8.663978579,4.136870329,2.578310379,8.351790712,8.570849691,0.009678638,0.027149746,0.056516133,0.145973635,2.786246576,1.403641291,6.088861894,6.231196317,0.708570436,0.919335156,0.403561185,3.468992069,4.889337443,5.03756563,1.382673809,2.258314671,1.386711862,1.341788835,0.783556158,3.658004872,3.32752318,4.453052905,0.217191004,0.099605884,0.063979353,0.606354758,0.257166195,0.466589995,0.052341512,0.097849947,0.949213983,0.559683641
79_2.cdf,0.090579017,0.122365997,0.01486684,0.088919465,0.042061689,0.056780423,1.455576698,0.591550602,0.058404924,0.509037839,6.885480834,10.74930351,1.677738654,2.989683229,9.670157039,11.02508931,0.009074162,0.032025786,0.029317801,0.075248033,1.252900849,1.920102985,7.728788497,8.680940089,0.790941275,0.092439437,0.334806652,3.586821193,6.222654559,7.457698831,1.057097561,2.609794792,0.183279206,0.168843488,0.195900802,4.758763856,4.983434507,1.078083107,0.21792429,0.132926147,0.053481003,0.04370921,0.021987042,0.143240101,0.042735858,0.040569993,0.015528287,0.011344525
7_2.cdf,0.074777844,0.038468139,0.07282681,0.016416523,0.033540829,0.157618886,1.659560213,0.054005957,0.021271499,0.149477491,9.630157882,22.05883259,0.449211182,0.582203735,18.24456068,23.20754262,0.020347337,0.019645161,0.032349042,0.059617657,0.992447057,0.729245353,4.152002578,9.300399445,0.761226404,0.000233439,0.154720874,0.677753359,0.871121002,2.33361997,0.92993602,0.542778894,0.047143062,0.024582131,0,0.618973742,0.670394063,0.542180669,0,0.033607926,0.018847474,0,0,0,0.010574097,0,0.004621163,0.001159203
80_2.cdf,0.092865749,0.654964123,0.012520909,0.142880355,1.492187236,0.094476967,4.196980555,1.037014814,0.084161199,0.88876582,9.795097752,11.51760365,2.357597185,1.60097849,10.25072069,10.58170521,0.007021558,0.022138901,0.055098364,0.144545979,0.856599412,1.059618364,6.698253501,8.791086274,0.560185931,0.046958301,0.171014335,1.148546585,4.329498107,6.951551154,0.881333064,0.906087952,0.073716159,0.39580619,0.369428543,3.270161395,3.379624805,3.231647823,0.205732055,0.09239585,0.027095843,0.499421103,0.013889697,0.505891438,0.022069513,0.464010057,0.002041681,0.017009364
81_2.cdf,0.040313325,0.674405247,0.008870424,0.095798852,0.974409019,0.087834206,4.30433081,1.277903983,0.07666157,1.278618807,7.560714223,9.758652508,2.031233313,2.069166615,8.140221237,8.812901285,0.005781599,0.019253673,0.058412511,0.097904303,0.824602603,1.232197062,5.784060756,7.311402681,0.616207336,0.036701405,0.208954982,5.454818115,5.045714854,6.593408792,0.826054345,3.969166079,0.129905266,0.336806238,0.643304232,5.105268885,4.99326833,1.914010672,0.352282552,0.166938058,0.084184455,0.268321758,0.018053299,0.374063155,0.052695368,0.262887842,0.001829333,0.01950404
82_2.cdf,0.477047955,0.584538765,0.013538256,0.196555551,0.712155813,0.089261209,3.451487273,3.118001317,2.255424693,0.975792127,8.527919418,10.83836137,1.96582314,1.641783546,9.155316367,9.71458986,0.009160104,0.034852728,0.047860536,0.082929664,0.80506783,0.889308392,6.12485222,7.800998519,0.486149417,0.091613811,0.170119393,2.810583655,4.335879534,6.087753636,0.64779416,3.301123695,0.18125702,0.394703405,0.572912013,4.054764282,3.478568078,2.417305256,0.238280154,0.096757999,0.108004345,0.342880573,0.061092453,0.322837963,0.079551948,0.167967332,0.011465265,0.028007956
83_2.cdf,0.153562431,0.906812422,0.012583912,0.205770174,1.045023975,0.085840515,3.66661594,1.83151127,0.128029191,1.220879867,7.236990969,9.051272802,2.413231848,1.98576149,7.540494832,8.02004338,0.007381471,0.028520965,0.07464427,0.130388333,1.029263472,1.09439889,5.286118971,6.439652372,0.607068513,0.118075432,0.240942341,4.680781158,4.613413314,5.829032455,0.799234851,3.583984716,0.249225686,1.356146079,0.924071105,4.983721754,4.915858989,4.647117016,0.569257281,0.255135083,0.080003741,0.726340615,0.116429036,0.643105182,0.053445999,0.310245478,0.031029876,0.07154054
8_2.cdf,0.045572909,0.060908853,0.311830179,0.032567762,0.051998267,0.275542122,2.087068789,0.094769626,0.045649122,0.204997375,13.20889169,20.12969959,0.656342208,0.609396653,19.49459841,19.64980636,0.080988915,0.030477285,0.046285536,0.103777306,1.021400124,0.720332953,4.629546291,8.213703059,0.749189225,0.008644405,0.180251938,0.683406808,0.901411077,2.120928723,0.931600087,0.54976179,0.072291022,0.040516653,0.012636957,0.643917454,0.667033542,0.544609004,0.010854691,0.032600863,0.009905852,0.00079081,0,0,0.008410982,0,0.02098964,0.004097091
9_2.cdf,0.132110204,0.01647819,0.806400574,0.673187111,0.030393429,0.370163062,0.993124136,0.523877744,0.080347419,0.222435653,9.783275114,13.26036694,0.808215685,0.872316928,13.50943498,13.76123676,0.028180567,0.019274264,0.013420182,0.075100237,1.046520344,0.962743676,11.11056041,9.467734163,0.765934689,0,0.348422051,0.715508143,6.189645656,6.030067916,0.463200457,0.673868429,0.041906001,0.037608108,0.110808155,2.255106171,2.76140972,0.687319693,0.146879877,0.103253958,0.00804558,0,0.006490677,0.067587288,0.005961705,0.012653611,0.000812133,0.000612209
10_1.cdf,0.018799461,0.030362357,1.215845306,3.110606403,0.060174228,1.084259608,1.830904375,3.781965816,0.360855581,0.392488564,8.774134987,13.44068843,0.620327086,1.018409209,11.15615254,13.58769782,0.178888649,0.399489165,0.022619503,0.033636399,0.519292084,0.862422373,5.840522942,11.66645194,0.583008329,0,0.056270829,0.473722764,2.322691895,9.296857203,0.453381839,0.521806363,0,0.007922186,0,1.743865758,3.702877077,0.548997876,0.115867403,0.093734853,0.001209642,0.000508038,0.004178099,0.040734691,0.009110007,0.00841923,0.000805046,0.007036044
11_1.cdf,0.15024775,0.022870341,1.299231193,1.529607691,0.0334029,1.13963283,2.299825279,1.960406694,0.158885556,0.510809269,8.733124102,11.96925936,1.035947927,1.375966041,10.1902057,12.06312239,0.27472178,0.274270021,0.018306493,0.036689717,0.595072476,0.996258369,6.941399049,10.17512698,0.622864216,0,0.10362108,0.476355806,4.109772451,9.114425318,0.376359133,0.506117595,0.008790137,0.024402678,0,3.730236712,6.011037775,0.612506149,0.236543989,0.182994103,0.007789415,0.000287289,0.009970847,0.058797292,0.008024465,0.01059894,0.000662488,0.003452215
12_1.cdf,0.43609707,0.060916,0.988893413,0.035982717,0.041596373,0.576331948,1.917675912,0.094047934,0.030681077,0.467678202,9.845250675,14.97511173,0.949218553,1.528370291,12.57181746,14.86111395,0.207160381,0.025249332,0.039582954,0.069086894,0.688255985,1.024702186,7.317920695,11.71564593,0.624901133,0.004728476,0.099558879,0.5448022,3.07922574,7.950164281,0.596215685,0.505913126,0.021435635,0.025966385,0.01052397,1.995573959,3.153485794,0.621921878,0.124079919,0.09761672,0.002310148,0.00026692,0.002789872,0.037883627,0.006613151,0.010271274,0.014414558,0.000949011
13_1.cdf,0.110216456,0.023726838,0.579843463,0.697699963,0.029909533,0.425602242,0.91863794,0.784368293,0.075832512,0.188440615,7.224889959,12.02334744,0.490473789,0.760780265,12.61846224,13.05854667,0.027220851,0.024547321,0.018598294,0.056690465,0.620641175,0.870769473,10.00796286,11.00452493,0.666543429,0,0.16466085,0.588543301,6.453273309,9.134423461,0.481099422,0.5864573,0.014566478,0.034213899,0.028706531,2.950363343,5.268262332,0.638404415,0.137856348,0.126734687,0.003780323,0,0.004915928,0.051026611,0.005940703,0.01166081,0.004824614,0.002008319
14_1.cdf,0.055014424,0.025522181,2.566971193,1.048320563,0.037509983,1.303772047,1.123610252,0.875648416,0.09121715,0.273270671,8.98540514,12.78732255,0.610434475,0.928518689,12.81981594,13.37365984,0.29935227,0.084084289,0.020842096,0.086626445,0.557814051,0.728427421,8.475551437,10.16249885,0.539137968,0,0.142178919,0.446725404,4.985523494,7.758527794,0.459484461,0.477896678,0.017348778,0.0338819,0.02846839,2.514483084,4.3442464,0.596788135,0.143721543,0.117569457,0.004568491,0,0.003157868,0.045904328,0.004786684,0.010990004,0.001523633,0.001876217
15_1.cdf,0.014951915,0.025938098,7.239476383,3.631271445,0.065124816,3.874787861,1.27087185,2.863878664,0.292982804,0.252497337,7.864142952,10.77711076,0.563980508,0.745163391,10.82115994,11.39718661,0.805297,0.17361243,0.019822852,0.091184451,0.509146009,0.733619202,7.081771694,9.458345633,0.5317326,0,0.100773411,0.43638245,3.727958671,7.447743309,0.48059206,0.444284075,0.010398566,0.031016505,0.019819896,1.850026751,3.552915389,0.519611593,0.110521704,0.090108353,0,0,0.003303252,0.048595564,0,0.014048787,0.001658279,0.005184187
16_1.cdf,0.113238407,0.032786103,0.862507029,0.747549005,0.034349863,0.553158208,1.060525307,0.834131809,0.084612453,0.258494299,10.39366967,13.12514553,0.804612571,0.876697598,13.35535915,14.12395074,0.090631818,0.059228641,0.023155168,0.081591024,0.566366688,0.735614504,7.445636207,10.67560826,0.576596786,0,0.130247611,0.478167651,3.875250598,8.201880374,0.520017962,0.52906813,0.015369536,0.024803104,0.024977476,2.818941069,4.767532338,0.661089126,0.195338118,0.155541378,0.002810194,0,0.005307183,0.055593782,0.005120335,0.012708203,0.001904748,0.003114249
17_1.cdf,0.080523878,0.032647772,2.128639744,0.044973621,0.031421982,0.718457886,0.677664873,0.092858357,0.029479232,0.289062974,7.657926543,10.38841186,1.420929986,1.892136474,10.13669872,11.34255758,0.323705692,0.015647948,0.02117165,0.042289887,0.801075909,1.274056195,7.755867888,8.640565384,0.71339535,0.000637864,0.18889515,3.511395457,5.965384876,7.396287148,0.766791228,3.097775832,0.033783792,0.04413105,0.065245927,4.947760563,5.994357907,0.681992531,0.303633081,0.230615658,0.045195318,0,0.017254093,0.101071007,0.02151737,0.022711685,0.01064355,0.00075153
18_1.cdf,0.045853021,0.105596011,1.854685412,0.742818032,0.072189251,1.483417677,0.963505823,0.767632259,0.096720463,0.222773837,11.3064705,14.99573412,0.92495587,0.971995169,15.69772224,16.65631541,0.440447936,0.138473788,0.05516326,0.107899293,0.691897654,0.768161019,6.489249098,10.87851399,0.566333955,0.008183541,0.080592129,0.518062469,1.695125853,5.479191733,0.813599658,0.528363276,0.042110885,0.040835999,0.015765994,1.072818756,1.871616933,0.564719101,0.075933748,0.069755137,0,0,0,0.029698276,0,0.013590427,0.029829217,0.005681784
19_1.cdf,0.017667595,0.030779996,0.0683021,0.042374489,0.027409674,0.118630571,1.404193745,0.089212829,0.021387714,0.296414735,10.97369002,17.33451355,0.619859442,1.35132447,15.09174532,18.29599159,0.017713494,0.01894401,0.0244746,0.095980436,0.554192531,0.753732664,3.657235,11.99990125,0.564407205,0.000844681,0.0525096,0.452409619,1.108140618,7.800481601,0.615414648,0.541181143,0,0,0,1.145057257,3.741432855,0.665972053,0.157860173,0.180230633,0.005881357,0.000645079,0.003504309,0.037760919,0.007471306,0.009884751,0.002103269,0.001135096
1_1.cdf,0.027835735,0.024338373,1.784476564,0.018490586,0.022373124,0.634369417,2.587376335,0.124245337,0.017842008,0.868842412,10.91529969,16.86289003,0.834654434,1.760179423,12.6327823,15.3339548,0.132737015,0.011943492,0.019400746,0.036928232,0.384164365,0.694341327,4.349204909,11.97503827,0.481297615,0.00019085,0.081104102,0.345560618,1.929118491,8.033787173,0.543265948,0.359217523,0.017578545,0.010760628,0.007281799,1.875138831,3.461752513,0.503418816,0.139476307,0.105619526,0.012320616,0.002998418,0,0.013129679,0.013281187,0.005386316,0.001179926,0.003425648
20_1.cdf,0.020697412,0.045169329,2.217817543,0.59549954,0.043450523,1.268407263,1.560343714,0.422000314,0.06125594,0.323025997,10.30663389,15.49244905,0.634640026,1.123927678,13.88663386,16.24653427,0.476353002,0.084529524,0.030758273,0.10005565,0.581748993,0.724877185,5.406293963,10.70860241,0.562386154,0.002204899,0.085832281,0.472770175,2.130228716,7.080732775,0.652742921,0.535669838,0.0166493,0.020929286,0.005086056,1.614209809,3.445488798,0.64482507,0.153401796,0.138405909,0.001779999,0.000619232,0.003694762,0.043832662,0.004441855,0.010964568,0.009988931,0.001408857
21_1.cdf,0.016310293,0.029075543,1.158377598,0.560461467,0.03606157,0.86182935,1.482857651,0.63279345,0.060647852,0.378786132,11.54763054,16.78614754,0.771650019,1.080111567,14.82520655,16.93470868,0.228647906,0.090381796,0.024624881,0.052777346,0.611803537,0.669376171,5.604988721,10.54387775,0.529750007,0,0.105232594,0.442902159,1.946531759,5.824612283,0.661442688,0.491124656,0.018464657,0.020560024,0.010354322,1.524923564,2.539579077,0.608816233,0.125879348,0.103618007,0.006607738,0.000727698,0,0.03144642,0.005949899,0.009509978,0.001303987,0.001528994
22_1.cdf,0.0506087,0.022383444,1.478983036,0.0155817,0.024056622,0.842154823,1.249061126,0.03833574,0.013721832,0.194401642,6.531793119,14.93039115,0.422648803,0.790780065,14.79247495,15.36732533,0.128891061,0.013602655,0.019144701,0.048898839,0.670310168,0.830281013,9.752508987,11.71023766,0.628811112,0,0.15988851,0.499632133,4.566101073,7.560687549,0.73341091,0.507822009,0.018434451,0.042171985,0.029826882,1.67948469,2.824514719,0.590043536,0.087527007,0.080301805,0.005699309,0.000150654,0,0.028866168,0.006238568,0.009982855,0.000844092,0.000982816
23_1.cdf,0.053506751,0.024743707,0.38235119,1.08070037,0.031175816,0.230218953,0.609225962,1.010873879,0.142049599,0.181610278,9.938239257,13.0247584,0.696722308,0.802007316,14.23170112,14.86121867,0.036317854,0.058934689,0.019781252,0.059091834,0.651327841,0.762132445,8.658261992,10.89696334,0.606324155,0,0.161488234,0.492755218,4.005505798,8.122900205,0.512464742,0.532493686,0.014294535,0.024648567,0.019280064,1.996352239,4.078660036,0.657362605,0.131056051,0.130718929,0.006831975,0.00053532,0.002912644,0.042806504,0.005907444,0.008511914,0.000954629,0.001319686
24_1.cdf,0.120597432,0.030586753,1.838784673,2.106060592,0.044185136,0.881003894,0.557063408,1.775909727,0.197287826,0.166496822,7.641154935,13.47993041,0.474603427,0.634739341,14.98864131,15.08497036,0.073911292,0.061082049,0.022568166,0.051029908,0.640245983,0.703755273,8.839930938,10.82172076,0.587543637,0,0.163463273,0.490903111,3.94231619,7.11747671,0.541758912,0.519014001,0.019153788,0.038958312,0.023532123,1.535395137,2.935901181,0.604979897,0.092243696,0.092407883,0.006150313,0.00019982,0.00070427,0.033026646,0.005852383,0.008715447,0.001982676,0.002060178
25_1.cdf,0.041686604,0.053434901,1.168720788,1.735386064,0.050574806,0.561853518,0.469441312,1.401244036,0.180190151,0.137246988,7.25448377,12.50952804,0.435916992,0.590147887,13.66860244,14.80159074,0.084759274,0.084830393,0.035470551,0.058671562,0.632630818,0.783509708,9.345842818,11.65805049,0.670809265,0.001969088,0.175147457,0.555066132,5.42847044,7.519167848,0.597469043,0.571367545,0.03620144,0.050807083,0.042274483,2.576743725,3.097902886,0.66082945,0.115710848,0.085554893,0.002449728,0,0.000960154,0.041399836,0.003152132,0.009507159,0.011117802,0.002106925
26_1.cdf,0.018475377,0.024219634,2.994423823,5.765026923,0.066937225,1.262453065,0.864102843,4.260723131,0.553510068,0.3223392,7.884836395,10.92169225,0.730612823,1.21656694,10.27384208,11.73279674,0.210944427,0.365462698,0.020469264,0.052064776,0.592443374,0.942427606,7.059573514,9.403054319,0.616409938,0,0.121321375,0.490150051,3.980264312,8.000759279,0.361904528,0.51665111,0.008161224,0.022666955,0.013152169,2.56954445,4.764837821,0.605476579,0.158958657,0.139941688,0.000985186,0,0.008602601,0.056980787,0.001886908,0.014134566,0.005249674,0.002961645
27_1.cdf,0.198472344,0.051713127,0.318437133,0.022485019,0.041912547,0.234333493,2.861752367,0.092188973,0.028179787,0.370092202,12.68549417,20.8118001,0.543297621,0.636903804,18.27671812,18.56588301,0.038793869,0.023931621,0.036467813,0.185779648,0.631798671,0.551933243,5.909006391,8.637445195,0.555431163,0.001046894,0.1577578,0.466335285,1.319234401,2.523359742,0.857028307,0.446772237,0.059322104,0.020005246,0.04030081,0.548906677,0.692495578,0.48848571,0,0.025182258,0.012770799,0.000721888,0,0,0.009818317,0.000138349,0.018203532,0.001862639
28_1.cdf,0.043901731,0.030343212,0.249719155,0.465737246,0.035337526,0.131357994,0.52087384,0.374759099,0.073029397,0.26226301,13.18527119,21.43254361,0.608448936,1.144777123,16.28966461,23.00040553,0.043452461,0.059600652,0.02813905,0.034884995,0.661496644,0.65981498,1.840693845,9.309120711,0.580517537,5.30E-05,0.018699572,0.569199076,0.431743721,3.80808425,0.766877,0.528515599,0,0,0,0.670759044,1.412771166,0.578843013,0.03771118,0.075092869,0.021408765,0.000274808,0,0,0.010507873,0,0.00160436,0.001700663
29_1.cdf,0.042239427,0.031735036,0.392045497,1.101040446,0.039420157,0.221529178,0.695598418,0.926693277,0.143204424,0.341419458,14.89688095,20.38356108,0.763469548,1.187456885,16.29901482,21.57324552,0.057589686,0.105803659,0.025754113,0.032835263,0.668674759,0.613749872,1.959255484,8.348971856,0.535319401,0.000152346,0.024509035,0.590744488,0.513634509,3.503193514,0.688843467,0.528065748,0,0,0,0.701205371,1.361101677,0.547894757,0.044787578,0.073922543,0.019360416,0.000200648,0,0.000117806,0.012521914,0,0.001108018,0.002127943
2_1.cdf,0.033973366,0.03616647,0.012478673,0.051646433,0.031408612,0.036394707,0.158203142,0.136950256,0.031239711,0.085219496,12.14947419,14.46121612,0.958295626,0.79182795,18.47813451,19.71937842,0.009302952,0.020574831,0.027270702,0.036280348,0.547403029,0.49433807,6.774444331,9.080774205,0.417534581,2.97E-05,0.110563447,0.606920506,2.593818812,4.672253332,0.75347566,0.540177177,0.045557627,0.018726504,0.035499221,2.366174433,2.738277227,0.622424183,0.15340077,0.104368415,0.030611785,0.000654466,0,0.00178505,0.019922836,0,0.001021872,0.004406251
30_1.cdf,0.026721124,0.026618955,0.062700439,0.126737428,0.027965978,0.081949937,0.71793981,0.168448614,0.036837011,0.277688752,11.58901237,19.39249461,0.549952227,1.058599022,14.39275097,19.8740803,0.018460175,0.025915962,0.02283069,0.028802766,0.648601548,0.658882966,2.601021522,10.73106186,0.603577755,0.000352595,0.032243602,1.159335691,1.246637159,6.191170769,0.649548192,0.917089087,0,0.002739973,0,1.528569443,3.32711042,0.772631949,0.161045869,0.17399287,0.015864524,0.002321328,0.003897336,0.043307458,0.014190962,0.005118257,0.001157095,0.002022637
31_1.cdf,0.047261776,0.032911099,0.044331661,0.127232083,0.031481587,0.062066847,0.386893804,0.183598668,0.041467633,0.199431676,13.15459181,20.14389206,0.774712546,1.409394093,16.93117151,22.68168069,0.015598228,0.029682464,0.027008739,0.031518877,0.767035353,0.719542393,2.297776951,9.880615976,0.586071297,0.000571889,0.031556668,0.719536068,0.602453367,3.87549142,0.69606211,0.596664137,0,0,0,0.718104247,1.388717022,0.593091711,0.04753872,0.078137985,0.017203033,0.001342499,0,0.006474503,0.015074363,0.00069268,0.002255373,0.002062381
32_1.cdf,0.016449065,0.027480103,1.459267648,0.588785847,0.041249403,0.744229049,2.078064741,0.570627603,0.068255718,0.73348264,12.74896211,18.03134479,1.06371282,2.026403244,13.54010656,17.5742223,0.234386939,0.055208071,0.023588501,0.039104569,0.698716111,0.723680346,2.277038101,9.515664222,0.552795659,0.001144294,0.029171959,2.575057378,1.238358278,4.598955611,0.604041249,1.527181852,0.018708464,0.02032394,0.001670823,1.036106228,1.9574981,0.658931459,0.098882787,0.103069434,0.014622918,0.001091238,0.004028222,0.04787467,0.012516386,0.010490069,0.005946593,0.001501898
33_1.cdf,0.01591825,0.030843029,0.772040412,0.191147557,0.03599206,0.43912719,1.930672219,0.386800569,0.034488432,0.615113844,14.74591087,18.98922389,1.384688098,1.777699526,15.54827876,18.60097532,0.140627523,0.0342776,0.023596716,0.043330861,0.726674415,0.656978182,2.934983778,7.998787412,0.517945706,7.26E-05,0.077784463,1.42162502,1.228215965,3.428628396,0.671165818,0.94082886,0.028217897,0.030025466,0.013010905,1.135259627,1.542424465,0.647183055,0.100988822,0.086205944,0.011299204,0.000829663,0.000562676,0.038782853,0.010593371,0.007854215,0.001134803,0.001183735
34_1.cdf,0.02855287,0.037794616,0.5785931,0.150770109,0.054451203,0.416352239,1.914889323,0.335439012,0.04462773,0.589681697,15.35291319,20.16935168,1.127437279,1.768489915,15.53519076,19.95804351,0.129792141,0.036609324,0.031774109,0.057087599,0.72824258,0.646948689,1.865099202,7.509030579,0.52141339,0.00358826,0.034544159,1.847293197,0.783238758,2.968891381,0.714891654,1.121301841,0.041552702,0.031338674,0,0.766764878,1.236683096,0.638626867,0.06652828,0.072902596,0.010599122,0.00051387,0.000630003,0.038312427,0.010551394,0.011725327,0.009508102,0.001437565
35_1.cdf,0.016742738,0.026535393,0.204008755,0.076171266,0.028999162,0.207426209,1.749784848,0.215897207,0.024070377,0.605750281,14.66792104,20.39262671,1.142946945,1.857419532,15.76942234,20.25068449,0.036499459,0.020577184,0.022598907,0.035438331,0.731011743,0.675474436,2.10979483,8.473305779,0.529507893,0.000157752,0.041860463,1.282091251,0.73224865,3.557660436,0.639037046,0.867970729,0.017096506,0,0,0.773878222,1.451329027,0.563904688,0.066566107,0.08318123,0.011426853,0.002064712,0,0.020689211,0.010793341,0.005185981,0.001041059,0.001200875
36_1.cdf,0.030272294,0.029395647,0.102517151,0.013491476,0.027226469,0.152505338,1.135547557,0.042855728,0.016005377,0.139237078,8.763095536,18.69426042,0.441973911,0.567075799,17.2223531,19.76493444,0.025132851,0.015735447,0.024523934,0.041374272,0.748083477,0.705236086,5.966380838,12.27392614,0.695133327,0,0.131345328,0.587037532,2.020895551,4.687658962,0.728257904,0.575788985,0.022738091,0.020991707,0.008130519,1.291059312,1.490603256,0.623488362,0.063847718,0.068699362,0.016917209,0.001593868,0,0.007046187,0.011302772,0.001998252,0.000884009,0.001441418
37_1.cdf,0.055583214,0.025594211,0.167725507,0.511154065,0.029403969,0.14610993,0.812417209,0.43979642,0.077798294,0.261561157,11.09054411,18.51995838,0.544286991,0.918440077,14.04095734,19.02354241,0.030620682,0.05801193,0.021935308,0.029693881,0.671118869,0.688083735,2.783361876,10.86706186,0.632122652,4.69E-06,0.042190123,0.696379689,1.190057756,7.017151355,0.59011875,0.696647427,0,0.000336455,0,1.607722283,4.307159333,0.840620987,0.205252241,0.247717746,0.009066271,0.002206886,0.013057336,0.061513268,0.013255397,0.009968836,0.001081378,0.001607712
38_1.cdf,0.084788499,0.030159324,1.343182122,1.821753201,0.045065186,0.632512347,0.742383012,1.361880844,0.187408097,0.270125776,8.402050462,15.97320078,0.471326516,0.878736547,12.38834574,17.04694688,0.217953877,0.212914801,0.026162282,0.032481215,0.646041415,0.790080989,3.306503977,13.05293669,0.688891986,0,0.027220387,0.886107477,1.508221205,8.954668536,0.578673659,0.764858689,0,0,0,1.512211836,3.923520989,0.754724251,0.161203147,0.171578053,0.003682184,0.000939428,0.013711604,0.060468111,0.009705058,0.010137876,0.001792847,0.00274211
39_1.cdf,0.1037509,0.044277072,0.185439896,0.373369448,0.037901657,0.170767362,0.987129933,0.450715834,0.067533896,0.269527153,12.53250376,17.42500261,0.684564209,0.882654734,14.77894908,18.58793115,0.046264607,0.066067382,0.032077297,0.046934541,0.704482812,0.688678372,3.687013506,11.53111384,0.637340259,0.001742562,0.059685852,0.619660532,1.313341342,6.463520572,0.675821442,0.626541397,0,0.005631897,0,1.32843291,2.822427174,0.709350399,0.12991716,0.141913377,0.008089192,0.001128667,0.00430801,0.040730517,0.009617345,0.007507845,0.007307433,0.001333069
3_1.cdf,0.064726752,0.035535168,0.050839796,0.126936505,0.028177808,0.042662364,0.195469116,0.18377636,0.036228638,0.120045184,13.03653353,16.1321651,1.257340227,1.172354582,16.8748798,18.74051832,0.014074247,0.028385262,0.023137546,0.026492965,0.542923003,0.506878872,5.875210707,8.672625434,0.395063842,0,0.090081487,1.996223286,2.51258072,4.28754962,0.665564877,1.096485376,0.042380685,0.019507272,0.028839368,1.945415239,2.327265555,0.556172378,0.106915938,0.081227881,0.025820783,0.0031641,0,0.004232605,0.021381844,0.003714391,0.001195051,0.001300429
40_1.cdf,0.040280248,0.037534702,0.350839715,0.384803133,0.035665447,0.307278713,1.977591291,0.4009571,0.065649201,0.311298391,13.03395147,20.60796081,0.588306877,0.644946639,16.90960498,19.5160135,0.06161883,0.064496219,0.030046857,0.050169187,0.712993427,0.589896807,3.341518591,9.469064804,0.59960522,8.96E-06,0.083895295,0.589365999,0.936148066,3.741118025,0.784892652,0.547352349,0.018275934,0,0,0.972087135,1.416174452,0.592459999,0.069852138,0.075899753,0.017187314,0.001146943,0,0.005740065,0.012097053,0.000505463,0.002325441,0.001374792
4_1.cdf,0.0536848,0.029036296,0.088021515,0.497880484,0.035373334,0.07362036,0.247003729,0.530203013,0.08618382,0.136817481,7.443574512,15.71616539,0.429680476,0.874288612,14.37715482,17.85959287,0.016903424,0.054748521,0.023317391,0.029595833,0.457986683,0.519305647,5.256951989,10.55579921,0.452252976,6.62E-05,0.088448881,3.633690343,2.997517082,6.539358961,0.688025184,2.038090354,0.033158732,0.027819358,0.030060229,2.825821793,4.131239251,0.694261779,0.184373584,0.146336097,0.031332501,0.003098853,0,0.033980647,0.021318575,0.004244318,0.001297795,0.001316261
5_1.cdf,0.144611807,0.034435825,0.026842729,0.077982991,0.030643254,0.044362626,0.27298011,0.176512821,0.034175965,0.134081022,12.61262116,16.16199618,1.017847667,0.982332009,16.60244468,18.56234355,0.014121114,0.024504895,0.027610922,0.033376145,0.555835007,0.513542494,6.424452919,9.173079663,0.436233624,0.000545858,0.10828121,0.7612688,2.756688602,4.932253653,0.713113747,0.628323496,0.039125227,0.0211494,0.028162371,2.256627328,2.749895332,0.600588494,0.133200835,0.094844381,0.019537116,0.001983001,0,0.011857162,0.01655507,0.001000957,0.004398194,0.001628594
6_1.cdf,0.267947734,0.027891906,0.437413176,0.017647201,0.027121014,0.287162047,1.500771739,0.056395304,0.02139936,0.390676787,9.812687628,16.91402257,0.649461374,1.316157275,13.57585881,16.49681941,0.077943528,0.013904156,0.023468893,0.035275551,0.505418983,0.738354443,5.437773767,12.24877207,0.51812804,0.001332666,0.06665516,0.462036212,2.346684126,7.917404513,0.633217931,0.488744467,0.013884048,0.015477074,0.004135069,2.140838606,3.585974351,0.589802779,0.154381555,0.114981659,0.00976273,0.001884881,0,0.031212863,0.009647106,0.0060825,0.006857902,0.000529045
7_1.cdf,0.062551105,0.030436276,0.365201332,0.022641634,0.027147921,0.306085354,1.951696638,0.217035628,0.017563073,0.721238288,13.73883986,16.70898487,2.64586486,2.481165634,14.68761953,16.13911672,0.07659729,0.014744515,0.021088859,0.037405691,0.663589129,0.693979583,5.99448953,9.296294432,0.428602516,0,0.112011369,0.564105538,2.380183167,4.458370338,0.540207768,0.48905343,0.026103042,0.024498077,0.025364952,1.624561223,1.75135496,0.474385572,0.081064069,0.055501784,0.011470914,0.00153486,0,0.013000033,0.011100272,0.002894794,0.002533817,0.000719757
8_1.cdf,0.086371834,0.078530237,0.205399499,0.446216989,0.100519923,0.255488353,0.880014497,0.761992732,0.086485028,0.208176728,8.06346979,26.54349766,0.318082387,0.464275279,15.5243018,25.17271369,0.053272595,0.098328562,0.061603399,0.071512148,0.606902078,0.511209489,2.059839013,8.466569013,0.695505837,0.000168088,0.006272828,0.725112368,0.377424461,2.252930921,1.385855113,0.738445201,0.078591726,0,0,0.760330335,0.910970531,0.837572671,0,0.01989276,0.025610389,0.007686642,0,0,0.037397334,0.007905778,0.002455319,0.005098977
9_1.cdf,0.017507318,0.019487229,0.436336103,0.907976608,0.025213457,0.435378075,1.098606337,1.12243767,0.100252992,0.217737705,8.855551924,13.50313638,0.565581041,0.863152786,11.7718412,14.35524821,0.080188949,0.13151396,0.016268726,0.022583082,0.538360585,0.88853627,7.112000984,12.4942373,0.629117673,0,0.075359896,0.491911426,3.499314598,10.36250397,0.414976077,0.516606039,0.002147731,0.01241519,0,2.644754546,4.817328859,0.612419915,0.147234573,0.12322589,0.011218117,0.001833174,0.003067385,0.037119621,0.011572768,0.00473473,0.00063207,0.00137086
