compound,2-Heptanone,2-Nonanone,Hexadecenal,Hexadecanal,Nonadecane,Methyl Hexadecanoate,"(E,E)-7,11,15-Trimethyl-3-methylene-hexadeca-1,6,10,14-tetraene",Eicosane,Octadecenal,Heneicosene 1,Heneicosene 2,Heneicosane,Docosene,"Octanoic Acid, Dodecyl Ester",Docosane,Tricosene,Tricosane,"Decanoic Acid, Dodecyl Ester",Tetracosene,Tetracosane,Pentacosene,Pentacosane,Hexacosene,Hexacosane,Docosyl Acetate,Heptacosene 1,Heptacosene 2,Heptacosane,Octacosene,Octacosane,Tetracosyl Acetate,Nonacosene 1,Nonacosene 2,Nonacosane,"Hexadecenoic Acid, Dodecyl Ester","Hexadecanoic Acid, Dodecyl Ester",Triacontene,Triacontane,Hexacosyl Acetate,Hentriacontene,Hentriacontane,"Eicosenoic Acid, Decyl Ester",Octacosyl Acetate,"Unknown (m/z 434, 405, 126)",Tritriacontene,Tritriacontane,"Unknown (m/z 434, 390)","Unknown (m/z 464, 338, 265, 201, 127)","Unknown (m/z 462, 433,139, 126)","Unknown (m/z 463, 418)","Octadecenoic Acid, Hexadecyl Ester"
compound_class,Ketone,Ketone,Aldehyde,Aldehyde,Alkane,Ester,Terpenoid,Alkane,Aldehyde,Alkene,Alkene,Alkane,Alkene,Ester,Alkane,Alkene,Alkane,Ester,Alkene,Alkane,Alkene,Alkane,Alkene,Alkane,Ester,Alkene,Alkene,Alkane,Alkene,Alkane,Ester,Alkene,Alkene,Alkane,Ester,Ester,Alkene,Alkane,Ester,Alkene,Alkane,Ester,Ester,Unknown,Alkene,Alkane,Unknown,Unknown,Unknown,Unknown,Ester
Avg. RI,890,1093,1804,1821,1898,1926,1927,2000,2009,2077,2082,2100,2178,2178,2200,2279,2300,2376,2381,2400,2485,2500,2584,2600,2611,2682,2688,2700,2782,2800,2814,2884,2889,2900,2959,2973,2983,3000,3016,3086,3100,3163,3215,3221,3284,3299,3326,3374,3422,3515,3550
Avg. RT,7.619,10.802,20.142,20.325,21.146,21.427,21.435,22.158,22.264,22.924,22.973,23.131,23.865,23.865,24.07,24.779,25.076,25.616,25.663,25.826,26.527,26.74,27.338,27.477,27.559,28.145,28.194,28.382,29.012,29.187,29.312,29.983,30.033,30.202,30.769,30.916,31.034,31.214,31.407,32.272,32.515,33.341,34.121,34.222,35.283,35.542,36.058,37.01,38.052,40.679,41.565
Est. Retention Time (min) (Anne),7.622,10.802,20.142,20.327,21.146,21.429,21.43,22.161,22.264,22.924,22.973,23.132,23.863,23.868,24.064,24.779,25.074,25.619,25.646,25.826,26.525,26.694,27.338,27.463,27.545,28.14,28.194,28.33,28.996,29.176,29.312,29.978,30.049,30.164,30.769,30.916,31.025,31.2,31.407,32.269,32.477,33.349,34.119,34.222,35.281,35.537,36.05,37.01,38.052,40.676,41.565
Est. Retention Time (min) (Mason),7.616,10.802,20.142,20.322,21.146,21.424,21.44,22.155,22.264,22.924,22.973,23.131,23.868,23.862,24.075,24.812,25.079,25.614,25.679,25.826,26.53,26.787,27.338,27.49,27.572,28.15,28.194,28.434,29.029,29.198,29.312,29.989,30.016,30.24,not det.,not det.,31.042,31.227,31.407,32.275,32.553,33.333,34.124,34.222,35.286,35.548,36.066,not det.,not det.,40.681,not det.
10a.cdf,0.0254,0.0106,0.0069,0.0206,0.0407,0.0015,0.001,0.0096,0.0367,0.0126,0.0133,1.7105,0.2119,0.2858,1.1178,7.0442,8.5281,0.2063,2.2049,4.4213,10.2253,9.9294,1.7155,1.3396,0.8568,3.8971,4.0698,6.6834,0.4048,0.4338,8.0917,2.804,3.306,4.0049,0.5246,0.4519,0.595,0.5378,7.3211,4.3268,1.1458,0.1685,0.3594,0.395,0.2142,0.1344,0.1024,0.0002,0.0174,0.0224,0.0113
11a.cdf,0.0166,0.0077,0.0083,0.0627,0.0316,0.0007,0.0004,0.0089,0.0507,0.007,0.0259,1.4499,0.0944,1.1475,0.8832,4.873,6.4404,1.4442,0.8624,2.4113,7.5062,6.7265,2.1545,1.6907,0.9043,3.5656,6.5454,5.7303,0.6174,0.769,6.5337,3.6605,6.3913,4.4762,0.833,0.8631,1.0664,0.79,5.8685,7.9676,1.8517,1.0982,0.4788,0.5305,0.7925,0.2699,0.1752,0.1521,0.0322,0.0451,0.0868
12a.cdf,0.0308,0.0125,0.0084,0.021,0.0504,0.0015,0.001,0.0179,0.0365,0.0133,0.0379,2.4601,0.1437,0.137,1.3174,6.0776,8.1596,0.2905,1.0642,2.7323,8.816,8.2467,1.3337,1.4926,0.8269,4.1812,6.8731,6.6811,0.4672,0.5098,7.6145,3.9003,5.7782,3.708,0.605,0.5232,0.6997,0.5244,6.353,5.8797,0.5851,0.4761,0.3343,0.4194,0.2194,0.0993,0.1052,0.0214,0.0255,0.0205,0.0661
13a.cdf,0.034,0.0127,0.0098,0.026,0.033,0.0016,0.001,0.0109,0.0438,0.0118,0.0162,1.6179,0.1281,0.146,0.9145,7.6768,10.1744,0.2311,1.614,3.4782,11.3381,11.089,1.3931,0.9829,0.6929,4.1125,4.3327,7.0344,0.3695,0.3228,8.7502,2.853,3.5103,3.1671,0.5188,0.4531,0.5723,0.4755,5.8957,4.0031,0.7163,0.2672,0.2393,0.3148,0.1772,0.0926,0.0643,0.0141,0.0216,0.0085,0.0353
14a.cdf,0.0285,0.0105,0.0128,0.0274,0.0643,0.0121,0.0084,0.0453,0.0839,0.0162,0.0983,2.8129,0.4351,0.0976,1.8039,6.3564,7.8012,0.2422,1.955,3.8819,9.0618,8.1823,1.7066,1.6094,0.9112,4.1631,6.4248,5.8341,0.4867,0.4616,7.0764,3.762,5.1091,3.2701,0.5169,0.4921,0.6787,0.5097,6.0763,5.5346,0.6286,0.3198,0.3023,0.4888,0.2365,0.0982,0.1016,0.0094,0.0398,0.0205,0.093
15a.cdf,0.0328,0.0121,0.0102,0.0241,0.0694,0.0033,0.002,0.0241,0.044,0.0191,0.0479,2.8795,0.3727,0.1878,1.8977,6.4954,8.0764,0.2841,2.4232,4.3859,9.2332,8.6143,1.7458,1.5732,0.9065,4.0679,4.9775,5.9497,0.4374,0.4179,7.4035,3.4359,4.0194,3.4096,0.5585,0.4958,0.6576,0.5017,6.3761,5.1973,0.7025,0.5074,0.3105,0.5655,0.257,0.1027,0.1102,0.0076,0.0539,0.0239,0.0882
16a.cdf,0.0299,0.007,0.0025,0.0116,0.0123,0.0004,0.0002,0.0041,0.0109,0.0032,0.0029,0.8429,0.0354,0.0331,0.5144,5.768,9.0378,0.1721,1.1513,3.9095,10.476,10.6052,1.4517,1.3228,0.8029,4.2151,4.8105,7.4477,0.3954,0.3981,8.2697,3.309,3.9567,3.9381,0.4602,0.4089,0.5672,0.4715,7.4055,5.5611,0.8558,0.1095,0.2841,0.3784,0.2624,0.1144,0.0794,0.0103,0.0362,0.019,0.028
17a.cdf,0.0453,0.0125,0.0078,0.0211,0.0254,0.0033,0.0027,0.0086,0.0172,0.0076,0.0135,1.2254,0.0972,0.0493,0.6941,7.0296,9.3485,0.1497,1.5174,3.6529,11.275,11.0532,1.4479,1.1734,0.7656,4.0522,4.8321,7.4669,0.3927,0.3606,8.568,2.7911,3.6528,3.5521,0.498,0.436,0.5557,0.4633,7.0152,3.9315,0.712,0.1427,0.2433,0.2917,0.1518,0.0835,0.0572,0.0229,0.0218,0.0098,0.0507
18a.cdf,0.0366,0.0098,0.0075,0.0874,0.0485,0.0009,0.0004,0.0123,0.0616,0.0199,0.0176,2.9378,0.099,0.01,1.5646,7.5935,9.9581,0.166,1.576,3.8861,10.1758,9.9585,1.4213,1.4203,0.7524,4.691,5.3083,7.6402,0.4093,0.4905,5.7905,3.1357,3.5792,5.2217,0.4645,0.3903,0.5399,0.4849,3.6476,3.9052,1.6233,0.0511,0.1568,0.1428,0.1451,0.1031,0.1735,0.0038,0.0023,0.0672,0.0106
19a.cdf,0.0217,0.0122,0.0128,0.0372,0.098,0.0023,0.0009,0.0386,0.117,0.0561,0.0492,2.4595,0.2797,0.1289,1.1584,8.349,9.3109,0.2738,2.3997,3.6726,10.5468,9.878,1.6272,1.0564,0.7648,4.5139,4.1662,6.3143,0.3911,0.4072,8.2667,2.7468,3.0817,3.2762,0.539,0.4695,0.5442,0.5217,6.4601,3.5803,0.8712,0.2034,0.2997,0.2502,0.1506,0.0967,0.2239,0.1057,0.0132,0.0528,0.1019
1a.cdf,0.0234,0.0064,0.0083,0.0173,0.0233,0.0023,0.0014,0.0052,0.0266,0.0018,0.0038,1.2558,0.0865,0.1983,0.6725,7.0038,9.1341,0.5413,1.0921,3.7202,10.9059,10.5749,2.5649,1.3821,1.0975,2.912,4.2006,6.6004,0.6165,0.5963,8.289,2.5989,4.0979,2.9476,0.7324,0.6453,0.8116,0.6799,6.5627,4.834,0.7941,0.0933,0.4182,0.5321,0.3317,0.1974,0.0771,0.0043,0.0333,0.0254,0.0186
20a.cdf,0.0805,0.024,0.0095,0.0236,0.0423,0.0012,0.0006,0.0114,0.0283,0.0179,0.0184,2.0423,0.219,0.2172,1.2444,7.98,9.6476,0.2845,2.09,4.0625,10.7918,10.5775,1.5007,1.0212,0.7177,3.6953,3.854,6.9713,0.3688,0.3658,7.9236,2.3333,2.9188,4.1915,0.5445,0.4969,0.5857,0.5308,6.0971,3.7164,1.4055,0.2426,0.2634,0.2957,0.1868,0.1217,0.0971,0.0495,0.0139,0.0147,0.0614
21a.cdf,0.0348,0.0123,0.0063,0.0174,0.0437,0.0008,0.0005,0.0116,0.0199,0.0112,0.0152,2.2053,0.1458,0.0759,1.4872,6.292,8.2805,0.2158,1.6771,4.2682,9.0322,9.0534,1.407,1.406,0.8839,3.7087,4.2538,6.6317,0.3807,0.4959,7.6611,2.8534,3.3892,5.2001,0.5321,0.4636,0.6108,0.5815,7.2223,5.1711,2.3101,0.1958,0.4005,0.4765,0.3264,0.2055,0.1957,0.0119,0.0282,0.0438,0.0451
22a.cdf,0.0788,0.0369,0.0105,0.0234,0.0575,0.0014,0.0007,0.0165,0.0288,0.0175,0.0169,2.5313,0.2538,0.0495,1.5369,7.3638,9.1857,0.1491,1.8557,4.317,9.8574,10.1083,1.2467,1.1105,0.7259,3.2712,3.4965,7.0217,0.3346,0.3857,8.1429,2.2244,2.7646,4.8872,0.4811,0.415,0.5247,0.5029,7.5471,4.0096,1.8791,0.0869,0.3391,0.4436,0.2163,0.1612,0.169,0.0149,0.0279,0.0343,0.0379
23a.cdf,0.0329,0.0119,0.008,0.0204,0.0354,0.0016,0.0012,0.0112,0.019,0.0109,0.0108,1.9711,0.1477,0.075,1.219,6.939,9.1034,0.2263,1.4894,4.1425,9.6596,10.2866,1.2759,1.1256,0.7486,3.2819,3.4729,7.3018,0.3458,0.4153,8.3818,2.2884,2.8186,5.3129,0.5254,0.4638,0.5683,0.5789,7.6237,4.1443,2.3031,0.1945,0.3713,0.394,0.2334,0.1826,0.1121,0.0314,0.0177,0.0202,0.0428
24a.cdf,0.0844,0.0398,0.0131,0.1461,0.0581,0.0033,0.0024,0.0243,0.257,0.0521,0.1072,2.6457,0.0666,0.0077,0.3484,8.9825,12.6364,0.1253,0.6018,0.9238,14.9398,12.2447,1.0137,0.676,0.3671,4.9869,9.0823,8.6445,0.4001,0.3361,0.7593,2.3989,4.8419,4.6484,0.4917,0.4158,0.5303,0.4515,0.7618,2.9839,1.3665,0.0937,0.0807,0.0698,0.0975,0.0684,0.0454,0.0257,0.0009,0.0024,0.0482
25a.cdf,0.0779,0.0188,0.0229,0.4818,0.1303,0.0036,0.0024,0.0457,0.5605,0.1679,0.8034,6.8758,0.2719,0.3314,1.1647,12.4726,11.8525,0.6333,1.0787,0.9849,15.0629,9.7139,1.3757,0.5334,0.3344,3.8525,8.855,5.0245,0.4327,0.2806,0.4818,1.5221,4.3819,2.4528,0.6971,0.6,0.5921,0.4474,0.5121,1.986,0.8145,1.1956,0.152,0.1333,0.071,0.0596,0.0871,0.1169,0.004,0.0053,0.2408
26a.cdf,0.0432,0.0156,0.0688,0.6397,0.1381,0.0017,0.0008,0.0406,0.4632,0.1223,0.1449,7.6347,0.2401,0.2547,1.2818,12.9466,14.6172,0.3108,1.0635,0.9828,15.3344,11.785,1.2358,0.4939,0.3238,3.774,6.0971,5.3068,0.4225,0.2455,0.4406,1.554,2.7452,2.5839,0.5407,0.4868,0.5513,0.4439,0.497,2.2438,1.0269,0.2043,0.0762,0.0666,0.0916,0.0608,0.055,0.198,0.004,0.0044,0.095
27a.cdf,0.0476,0.0109,0.0047,0.016,0.0281,0.0006,0.0003,0.0078,0.0155,0.0069,0.0099,2.4088,0.0791,0.0047,1.2839,7.7293,11.9933,0.1738,0.7123,3.6361,11.4877,12.6759,1.0703,1.0027,0.6379,2.1808,3.3414,8.7373,0.33,0.3735,8.1777,1.5357,2.6004,4.6572,0.4676,0.3986,0.4772,0.4609,6.4486,2.719,1.2469,0.043,0.2162,0.2253,0.1122,0.0989,0.066,0.0042,0.0111,0.0105,0.0158
28a.cdf,0.083,0.0092,0.005,0.0121,0.0337,0.0004,0.0001,0.0091,0.022,0.0059,0.0185,2.291,0.0874,0.0239,1.3157,5.9989,8.1422,0.1542,1.2188,3.5524,9.0813,8.7459,1.3808,1.5617,0.9581,4.0129,6.4196,6.778,0.4299,0.5318,7.4285,3.5207,5.1475,4.5001,0.5128,0.4335,0.6081,0.5286,6.2251,5.7654,1.0567,0.1514,0.2985,0.3774,0.2392,0.1177,0.1176,0.0054,0.0214,0.0226,0.0381
29a.cdf,0.0348,0.0123,0.0095,0.0196,0.0348,0.0024,0.0019,0.0091,0.0155,0.0085,0.0393,2.3685,0.1154,0.0879,1.1814,6.1309,8.1808,0.1943,0.8647,2.4552,8.9226,8.331,1.2426,1.8639,0.7927,4.1232,7.7684,7.6357,0.4932,0.7798,4.628,3.7999,6.829,5.6795,0.59,0.5061,0.7165,0.5857,3.7931,6.4774,1.478,0.2575,0.2341,0.2512,0.2187,0.1132,0.0589,0.0065,0.0117,0.0087,0.0361
2a.cdf,0.014,0.0042,0.0026,0.0087,0.0183,0.0008,0.0005,0.004,0.015,0.0011,0.0026,1.5024,0.0599,0.0716,0.9305,5.8413,7.8967,0.4461,1.1404,4.203,9.0292,8.7876,2.3647,1.6548,1.2367,3.2095,4.8967,6.1935,0.6122,0.6787,7.8244,3.1014,4.7752,3.7853,0.7217,0.638,0.8588,0.7244,7.0277,6.5341,1.1148,0.0517,0.4786,0.5838,0.4649,0.2371,0.1493,0.0031,0.0335,0.0497,0.0154
30a.cdf,0.0312,0.0104,0.013,0.0254,0.056,0.0029,0.0017,0.0158,0.0435,0.0168,0.0308,2.9204,0.2877,0.1741,1.7927,6.9991,8.6103,0.3287,2.1271,4.202,9.5439,9.0045,1.5911,1.2685,0.8852,3.8244,4.7454,6.2932,0.4182,0.4108,7.7155,2.8185,3.648,3.8342,0.5732,0.5254,0.6192,0.5262,6.701,4.4626,1.0049,0.4357,0.3472,0.5143,0.2116,0.1178,0.1359,0.0109,0.032,0.022,0.0691
31a.cdf,0.0954,0.043,0.0182,0.1026,0.0915,0.0041,0.0027,0.0345,0.2272,0.09,0.1823,4.251,0.1519,0.0507,1.0085,10.2932,11.9238,0.1856,1.0883,1.7748,13.5447,11.1471,1.1954,0.7984,0.4284,4.9248,8.4309,7.6699,0.408,0.3646,0.571,2.3534,4.5062,4.4806,0.5015,0.423,0.5401,0.4609,0.5609,2.9175,1.5705,0.1073,0.089,0.0792,0.1019,0.0815,0.0451,0.0307,0.0004,0.0016,0.0463
32a.cdf,0.0518,0.0222,0.0143,0.1778,0.1121,0.0232,0.0222,0.0335,0.1835,0.0802,0.0623,5.7605,0.0634,0.0368,0.6879,6.9509,11.252,0.1872,0.4698,1.1936,11.7757,11.1086,1.1858,0.9956,0.5118,5.993,8.6253,9.7281,0.519,0.4877,0.6109,3.2443,4.8511,5.3467,0.5757,0.486,0.5984,0.4783,0.7674,3.0399,1.1033,0.1563,0.0938,0.084,0.0743,0.051,0.0426,0.0165,0.0017,0.0024,0.0596
33a.cdf,0.025,0.0077,0.0056,0.0177,0.0278,0.0005,0.0003,0.0056,0.0205,0.006,0.0077,1.6467,0.1084,0.1013,1.056,7.1387,9.3814,0.2191,1.725,4.2834,10.5466,10.3786,1.4798,1.1447,0.7854,3.5637,4.1462,6.9199,0.3691,0.371,8.5315,2.574,3.4917,3.6991,0.4931,0.444,0.5643,0.4788,7.7632,4.3785,0.8968,0.1005,0.2972,0.3403,0.1856,0.1059,0.0945,0.0064,0.0236,0.0248,0.0167
34a.cdf,0.0332,0.0103,0.0074,0.0214,0.0452,0.002,0.0015,0.0128,0.0179,0.01,0.0192,2.2624,0.1423,0.0251,1.3945,7.5795,9.9294,0.1423,1.723,4.5863,11.3091,10.9425,1.3934,1.1458,0.8053,3.3002,4.6992,6.8132,0.3726,0.3382,9.0062,2.2108,3.4122,2.7433,0.4292,0.3712,0.4719,0.4009,7.2529,3.1674,0.4522,0.1728,0.2323,0.2928,0.1133,0.0709,0.0674,0.0025,0.0157,0.0089,0.0198
35a.cdf,0.0336,0.0084,0.0071,0.0176,0.0515,0.0013,0.0007,0.0152,0.0135,0.008,0.0566,2.8282,0.1264,0.0066,1.6718,6.6085,8.9138,0.1527,1.0493,3.8884,10.3778,9.3859,1.2455,1.3298,0.8175,3.0549,7.4187,6.6223,0.3516,0.4174,7.8851,2.5078,5.6194,3.4962,0.449,0.3807,0.5112,0.4381,6.6263,3.9539,0.5954,0.1594,0.2517,0.3014,0.132,0.079,0.0873,0.0017,0.0157,0.0177,0.0104
36a.cdf,0.0257,0.0081,0.0056,0.0133,0.0332,0.0011,0.0006,0.0069,0.0142,0.0051,0.0075,2.0505,0.1082,0.0451,1.4274,6.1297,8.0279,0.1853,2.0076,4.9545,9.1521,8.8852,1.7079,1.6528,1.1209,3.4505,4.4019,6.264,0.401,0.5178,7.8729,2.7522,3.6446,4.6805,0.4746,0.4096,0.5816,0.5482,7.8313,5.1843,1.7108,0.0194,0.4358,0.5224,0.2708,0.1755,0.1711,0.001,0.0349,0.0583,0.0083
37a.cdf,0.0404,0.0124,0.0266,0.5641,0.0589,0.0013,0.0008,0.0212,0.0847,0.0188,0.0604,3.3419,0.23,0.8519,1.883,7.7603,9.2809,0.8672,1.572,3.6785,10.6095,9.2493,1.5383,0.9416,0.6075,3.0038,4.8484,6.2757,0.3891,0.4108,6.835,2.0749,3.524,4.4983,0.4897,0.4383,0.5422,0.5584,5.388,4.0888,2.0304,0.2089,0.2514,0.2525,0.221,0.1718,0.0624,0.0753,0.0144,0.0167,0.0282
38a.cdf,0.0245,0.0096,0.0129,0.04,0.0702,0.0033,0.0022,0.0169,0.0987,0.0294,0.0665,2.3098,0.2515,0.3421,1.1233,8.0057,9.2815,0.5256,1.8643,4.3869,10.8332,10.1312,1.519,1.287,0.7216,3.3608,4.8903,7.1038,0.377,0.4356,6.887,2.0133,3.1085,4.9514,0.5664,0.4666,0.5418,0.4969,5.3538,3.1208,1.7247,0.4727,0.2417,0.2446,0.1331,0.1258,0.2533,0.0325,0.0096,0.0801,0.051
39a.cdf,0.0214,0.0076,0.0091,0.0183,0.1469,0.0282,0.0275,0.045,0.0258,0.0369,0.1158,3.9491,0.3957,0.0865,2.8096,6.4118,7.8375,0.2159,1.7922,4.8375,7.8205,8.2197,1.4037,2.0316,1.0478,2.7024,4.0878,6.0102,0.3496,0.7226,6.7813,1.9664,3.1984,5.4349,0.4936,0.4114,0.5323,0.6707,7.2601,3.7424,3.6643,0.0723,0.5853,0.5392,0.2032,0.2639,0.704,0.0078,0.0202,0.2106,0.0237
3a.cdf,0.0289,0.0112,0.007,0.0195,0.0607,0.0048,0.0043,0.0165,0.0182,0.0182,0.032,2.8875,0.2211,0.0819,1.4987,7.9562,9.637,0.3597,1.5898,3.6196,10.8095,9.9445,2.0187,1.3132,0.8443,3.6688,5.3123,7.1567,0.5673,0.6197,5.0064,2.4399,3.4172,4.7667,0.6785,0.5759,0.7187,0.6593,4.1628,4.1385,1.745,0.1215,0.3293,0.3135,0.274,0.2051,0.0531,0.0012,0.0042,0.0132,0.0484
40a.cdf,0.0307,0.0103,0.0089,0.0256,0.1568,0.0033,0.0025,0.0531,0.0304,0.0498,0.0628,4.4232,0.3923,0.2312,2.5367,7.2498,8.9676,0.3791,1.6542,4.48,8.54,9.0813,1.1938,1.2294,0.6747,2.6711,3.1299,6.585,0.3124,0.4547,7.2723,1.8539,2.4809,5.5418,0.4996,0.4374,0.5076,0.5547,7.6292,3.636,3.0888,0.3339,0.3927,0.3915,0.1975,0.2214,0.1798,0.0252,0.0176,0.0503,0.0673
41a.cdf,0.035,0.021,0.0169,0.0597,0.1415,0.0063,0.0033,0.0724,0.0633,0.0594,0.0765,4.0595,0.2576,0.0593,1.7516,10.5604,12.9871,0.2458,1.1573,3.6735,12.4689,12.9558,1.0005,0.8404,0.4432,2.1334,3.1473,7.5825,0.2761,0.3366,5.8192,1.1434,1.9904,3.9388,0.3956,0.3418,0.4044,0.4551,5.2424,1.8643,1.2139,0.1034,0.1571,0.1319,0.0555,0.0784,0.1188,0.0056,0.0062,0.0265,0.0151
42a.cdf,0.0037,0.0267,0.0319,0.0613,0.0692,0.0123,0.005,0.0603,0.0842,0.0332,0.1799,2.0618,0.2405,0.1109,1.1775,11.1004,18.133,0.4604,0.7562,2.7987,16.4137,18.1875,1.3703,0.8717,0.5624,1.3699,2.8247,4.6001,0.3914,0.3505,5.5354,0.8359,1.639,1.1809,0.4659,0.4151,0.5086,0.5982,2.9484,0.8863,0.3277,0.1424,0.0572,0.0407,0.0034,0.0148,0.0255,0.0096,0.0107,0.0043,0.0008
43a.cdf,0.0101,0.0069,0.0014,0.0101,0.0258,0.0009,0.0007,0.0049,0.0068,0.0046,0.022,1.8798,0.0689,0.0017,0.9195,8.1966,11.4252,0.1829,0.908,3.9085,13.2511,12.5021,1.1781,0.8771,0.6457,1.9662,4.3341,7.4774,0.3148,0.284,9.3087,1.4683,3.0047,3.342,0.423,0.3684,0.4527,0.4245,7.0558,2.2784,0.7801,0.0484,0.1909,0.2378,0.0678,0.0669,0.0378,0.0029,0.0194,0.003,0.0023
44a.cdf,0.0205,0.0094,0.003,0.0138,0.0283,0.0005,0.0002,0.0055,0.0151,0.0073,0.0158,2.2079,0.0878,0.0045,0.9376,9.8649,12.8545,0.1982,1.0061,3.5702,13.1587,13.2831,1.1514,0.7658,0.5828,1.7863,2.7243,7.6049,0.3172,0.2818,8.5119,1.3085,2.2823,3.7908,0.4315,0.3728,0.4544,0.439,5.8209,2.1858,1.2669,0.0114,0.1714,0.1631,0.0793,0.0949,0.0826,0.0009,0.0075,0.0167,0
45a.cdf,0.023,0.0081,0.0025,0.0117,0.0296,0.0008,0.0006,0.006,0.0104,0.007,0.0209,1.8771,0.1428,0.0359,0.97,8.6245,10.5772,0.1664,1.5261,3.9832,12.27,11.7736,1.3413,0.9032,0.686,2.8034,3.8223,7.1522,0.3419,0.3346,8.4927,1.9323,2.9801,3.5401,0.4351,0.3754,0.4881,0.4887,6.6434,3.2978,0.9899,0.0595,0.2265,0.2826,0.1382,0.1005,0.0463,0.0014,0.0233,0.0056,0
46a.cdf,0.0179,0.0084,0.009,0.0626,0.0306,0.0009,0.0004,0.0144,0.0716,0.0154,0.0803,2.9733,0.1815,0.1249,1.7827,7.053,8.8219,0.3162,1.0359,3.9018,9.6507,8.9832,1.3355,1.2665,0.6822,2.8989,5.9498,6.6884,0.3962,0.5784,5.8877,2.1107,4.3113,5.8577,0.5202,0.4453,0.5648,0.6109,5.7115,4.1898,3.6338,0.0212,0.2759,0.265,0.2019,0.2556,0.1032,0.0261,0.0123,0.0466,0.0155
47a.cdf,0.0272,0.0096,0.0128,0.0243,0.0708,0.003,0.0017,0.0196,0.0247,0.0117,0.0532,3.4208,0.2685,0.0133,2.0319,7.8224,9.9594,0.178,1.674,4.25,11.4423,10.1296,1.4778,1.0914,0.6783,3.9398,7.1217,5.977,0.3689,0.3069,7.5131,2.6195,4.3326,1.798,0.3998,0.3444,0.4614,0.3817,5.7606,2.9179,0.2461,0.1417,0.1828,0.249,0.077,0.0503,0.0677,0.003,0.0219,0.0109,0.0099
48a.cdf,0.0194,0.0086,0.0043,0.0154,0.0323,0.0008,0.0005,0.0079,0.0116,0.0037,0.0082,1.9275,0.1232,0.0547,1.1444,7.1568,10.2106,0.1682,1.3296,4.3071,11.5008,11.5904,1.4079,1.1195,0.7944,3.3941,4.6581,6.9742,0.3626,0.3128,9.224,2.4758,3.6058,2.2857,0.4471,0.3865,0.5012,0.424,7.3761,3.2913,0.3267,0.1736,0.2491,0.3198,0.1066,0.0637,0.0547,0.0022,0.0232,0.0073,0.0058
49a.cdf,0.0265,0.0081,0.0073,0.0191,0.0374,0.0024,0.0015,0.0095,0.0221,0.0068,0.0311,2.0451,0.2433,0.4736,1.3246,6.8371,8.9713,0.308,1.6636,4.3117,10.74,10.0513,1.6398,1.3107,0.8605,3.7576,5.6437,6.4387,0.3922,0.3694,8.4856,2.7094,4.0401,2.6406,0.4832,0.4253,0.5394,0.4512,7.2651,3.6771,0.3993,0.3163,0.2901,0.3757,0.1265,0.073,0.0778,0.0036,0.0301,0.015,0.0218
4a.cdf,0.0258,0.0087,0.0076,0.0164,0.0601,0.0016,0.001,0.0197,0.0246,0.0102,0.0213,2.6624,0.169,0.0568,1.6986,5.9962,7.9347,0.2799,1.5181,4.2345,8.8128,8.5822,2.0014,1.8199,1.1886,3.5665,5.8326,6.2026,0.5604,0.6363,7.4672,3.2446,4.991,3.6048,0.6655,0.5621,0.7753,0.6335,6.2334,5.3637,0.7476,0.1704,0.3889,0.5572,0.2842,0.1545,0.1165,0.0003,0.0367,0.03,0.022
50a.cdf,0.0272,0.0085,0.0053,0.0171,0.0335,0.0005,0.0002,0.0062,0.0121,0.0069,0.017,1.6025,0.1406,0.29,1.0276,6.6675,8.5781,0.2824,1.6073,3.9425,10.1992,9.4636,1.6374,1.4358,0.8217,4.0144,6.0403,6.6446,0.4205,0.4582,7.8505,3.1419,4.5928,3.7461,0.4846,0.462,0.6014,0.4969,6.7069,4.6777,0.8233,0.1071,0.2477,0.2637,0.1734,0.093,0.0658,0.0121,0.0178,0.0141,0.0124
51a.cdf,0.0375,0.0099,0.01,0.0577,0.0372,0.0022,0.0015,0.0089,0.0163,0.0088,0.0363,1.9539,0.1688,1.0578,1.4485,6.2181,8.0765,1.0925,1.4597,4.3349,9.3748,8.686,1.9167,1.5269,0.8773,3.263,5.3983,6.1866,0.433,0.5486,7.4116,2.5836,4.223,4.7601,0.5966,0.5578,0.6545,0.5879,6.3991,4.6438,1.9369,0.201,0.3052,0.2994,0.2362,0.1625,0.0836,0.0367,0.0217,0.0295,0.021
52a.cdf,0.0293,0.0092,0.006,0.0154,0.0186,0.0008,0.0003,0.0051,0.0146,0.0051,0.0169,1.1935,0.0582,0.0196,0.5423,5.1317,7.9672,0.1236,0.6327,2.0394,9.1071,8.6434,1.2518,2.1968,0.8004,4.6563,8.7144,8.4483,0.6013,1.0682,2.7081,4.6953,8.3653,6.1165,0.6084,0.5385,0.8586,0.6394,2.2582,7.5987,1.2873,0.2365,0.1855,0.1832,0.1823,0.0902,0.0566,0.006,0.0121,0.0111,0.0448
53a.cdf,0.0226,0.0082,0.0067,0.0158,0.0359,0.0011,0.0006,0.0088,0.0248,0.011,0.0497,2.3097,0.1518,0.0343,1.119,6.8927,8.4315,0.1506,1.2344,2.5403,9.5759,8.4762,1.3506,1.6618,0.7064,4.4386,7.8954,7.3755,0.5009,0.6993,4.4616,3.8165,6.542,5.428,0.6168,0.5275,0.7152,0.5796,3.3144,5.6041,1.585,0.2277,0.2036,0.2152,0.172,0.1035,0.0639,0.0064,0.0147,0.012,0.0605
54a.cdf,0.0218,0.0083,0.0058,0.0147,0.0411,0.0012,0.0007,0.0101,0.0176,0.0062,0.0253,2.4438,0.0976,0.081,1.3986,5.92,8.4416,0.2137,0.9863,3.3458,9.1268,8.8418,1.4025,2.1643,0.852,4.0468,7.6246,7.6552,0.4926,0.8135,3.9804,3.5538,6.3782,5.7559,0.6031,0.519,0.7128,0.5886,3.3566,5.5749,1.6253,0.3142,0.2093,0.286,0.1786,0.1066,0.0595,0.0072,0.0353,0.0087,0.0448
55a.cdf,0.0353,0.0102,0.0116,0.0236,0.0253,0.0038,0.0023,0.0091,0.0396,0.0068,0.0429,2.0163,0.2064,0.0519,1.0714,5.7965,8.6799,0.1907,0.8038,2.4293,9.5761,9.0245,1.1342,1.2985,0.7335,4.1157,7.5089,7.2919,0.4101,0.4591,7.6499,3.6039,6.2112,4.2322,0.5327,0.4654,0.6322,0.5252,5.814,5.3949,0.7897,0.2211,0.2465,0.2767,0.1663,0.0798,0.0836,0.0054,0.0156,0.0127,0.0318
56a.cdf,0.0728,0.0313,0.0251,0.224,0.0733,0.0027,0.0016,0.025,0.1586,0.0534,0.1685,3.83,0.1776,0.7509,1.0335,9.8765,10.6012,0.5571,1.3632,1.4523,12.691,9.4734,1.6287,0.7324,0.404,4.953,8.5143,6.2807,0.4569,0.3664,0.5539,2.9251,5.3839,4.1109,0.6449,0.5377,0.6564,0.5163,0.6154,4.6647,1.8079,0.6894,0.1668,0.1469,0.206,0.1245,0.0564,0.1333,0.0047,0.0059,0.0696
57a.cdf,0.0186,0.007,0.0064,0.0144,0.039,0.0012,0.0007,0.0105,0.022,0.0068,0.0096,2.5295,0.1446,0.1044,1.5583,5.7981,7.7944,0.1667,1.55,3.6242,8.2369,8.1603,1.2863,1.3834,0.9407,3.8844,4.4521,6.1859,0.3896,0.4911,7.7142,3.6048,4.1642,4.6715,0.4907,0.4114,0.6541,0.5855,7.6511,7.0143,1.8259,0.1715,0.4993,0.5047,0.5437,0.2212,0.335,0.0048,0.0232,0.0754,0.0165
58a.cdf,0.0219,0.0078,0.0079,0.0168,0.04,0.0021,0.0016,0.0113,0.0239,0.0065,0.0128,2.3804,0.1371,0.0233,1.6042,5.6556,7.8473,0.1274,1.624,4.1789,8.3466,8.4428,1.4085,1.8557,1.0551,3.9983,5.178,6.2336,0.408,0.5243,7.6892,3.7269,4.5241,4.304,0.4429,0.3732,0.6274,0.515,7.039,6.7353,1.1195,0.1889,0.341,0.4134,0.4115,0.1453,0.1448,0.0027,0.0277,0.0334,0.0131
59a.cdf,0.0296,0.0093,0.0107,0.0247,0.0292,0.0018,0.0011,0.0103,0.0211,0.0126,0.0155,2.1727,0.1835,0.1873,1.2603,6.2047,8.3785,0.2068,1.4411,3.5214,9.0551,9.0351,1.507,1.741,0.7057,4.6001,5.6833,7.3192,0.4629,0.6344,4.6378,3.8628,4.0396,5.9449,0.4845,0.4042,0.6059,0.5635,5.3935,5.7762,2.6093,0.1005,0.2703,0.2466,0.2622,0.1661,0.0884,0.0106,0.0128,0.0333,0.0209
5a.cdf,0.0337,0.0136,0.0976,1.2513,0.0663,0.002,0.0012,0.0227,0.3995,0.0413,0.0748,3.2517,0.1392,1.5664,0.9443,8.0119,9.2346,1.321,1.1852,1.5441,10.8432,8.2714,2.4732,0.9841,0.5719,4.8412,7.5671,6.1234,0.695,0.5567,0.7299,3.2863,4.742,4.1714,1.2265,0.9295,0.9639,0.7059,0.7976,5.1678,1.9133,1.4895,0.3108,0.2866,0.3372,0.205,0.061,0.3592,0.006,0.0097,0.1715
60a.cdf,0.0304,0.0086,0.0093,0.0196,0.0638,0.0064,0.005,0.0214,0.0414,0.0259,0.144,3.1851,0.5463,0.2063,1.9147,6.3717,7.856,0.2214,1.3588,3.1663,8.2993,7.9442,1.5888,2.4829,0.8226,4.2464,7.4981,7.1606,0.5936,0.9502,2.9739,4.03,6.4557,5.4414,0.5692,0.473,0.7352,0.574,2.8542,6.1582,1.5819,0.4774,0.1899,0.1856,0.1928,0.0976,0.096,0.0081,0.0139,0.0364,0.0665
61a.cdf,0.0091,0.0129,0.0052,0.0179,0.0175,0.0006,0,0.0059,0.0095,0.015,0.0161,1.6095,0.0948,0.0365,0.7458,9.8977,14.3197,0.2512,0.8361,2.6384,14.4995,14.4259,1.1315,0.6942,0.4678,2.3884,3.6781,7.3187,0.3283,0.3547,6.9555,1.4806,2.4564,3.0477,0.4149,0.3729,0.4496,0.5007,4.6834,2.2777,0.9369,0.0577,0.1427,0.1146,0.1013,0.0771,0.0544,0.0042,0.0137,0.0146,0.0171
62a.cdf,0.011,0.0059,0.0034,0.0107,0.075,0.0003,0.0001,0.0214,0.0056,0.0124,0.0931,4.1799,0.175,0.0115,2.2717,8.0172,10.2352,0.2104,0.9765,3.7298,11.2379,10.0448,1.2055,1.0214,0.6904,2.5251,6.5197,6.8108,0.336,0.3503,8.0653,1.7252,4.0659,3.2018,0.4225,0.3601,0.4445,0.4075,6.6461,2.4672,0.5502,0.081,0.226,0.2647,0.0821,0.0649,0.0783,0.0024,0.0194,0.0183,0.0183
63a.cdf,0.015,0.0066,0.0043,0.013,0.064,0.0005,0.0003,0.016,0.0215,0.0111,0.0343,3.2707,0.204,0.1456,2.0105,7.3346,9.421,0.2731,1.5368,4.616,10.3274,9.877,1.4036,1.124,0.7733,2.8125,4.3948,6.6759,0.3475,0.3857,8.0365,1.907,3.183,4.0908,0.4856,0.4175,0.5057,0.4707,7.7317,3.3976,1.1371,0.1711,0.3603,0.411,0.1455,0.1154,0.2009,0.0093,0.0278,0.0505,0.0245
64a.cdf,0.0306,0.0125,0.0084,0.0215,0.0471,0.0011,0.0003,0.0159,0.0177,0.0221,0.086,3.1302,0.192,0.0579,1.4809,8.9396,10.8915,0.1827,1.1685,2.9957,12.4899,10.9593,1.2336,1.0012,0.5302,3.7498,6.8572,8.048,0.3825,0.4354,2.8538,2.0589,3.8701,5.5562,0.4728,0.4003,0.5162,0.5,2.8588,3.049,2.1505,0.0826,0.165,0.1415,0.1201,0.1263,0.0556,0.0039,0.002,0.0127,0.0143
65a.cdf,0.0257,0.0098,0.0103,0.0802,0.1032,0.0009,0.0004,0.0307,0.0414,0.0524,0.4523,5.0637,0.248,0.6748,1.4239,10.9417,10.678,0.7004,1.3492,1.5435,13.511,9.2198,1.8006,0.7612,0.4415,4.0996,9.6746,5.7886,0.4481,0.3688,0.6142,2.0708,5.8983,3.3072,0.6222,0.5431,0.6062,0.4763,0.6296,3.1238,1.1747,0.5851,0.1535,0.1374,0.1187,0.0881,0.0576,0.1888,0.0041,0.007,0.049
66a.cdf,0.0182,0.0068,0.0085,0.0169,0.0261,0.0016,0.001,0.007,0.0175,0.0044,0.0162,1.4558,0.1055,0.1243,0.8829,5.3514,7.825,0.2896,0.9562,3.2242,9.1973,8.6325,1.541,1.6932,0.8905,4.1689,7.6031,6.7313,0.5089,0.6017,7.0406,3.8238,6.4334,4.1681,0.537,0.4926,0.6917,0.5694,6.0381,6.2115,0.8666,0.1615,0.2688,0.3042,0.2142,0.1014,0.0633,0.0214,0.0267,0.0086,0.0495
67a.cdf,0.028,0.0096,0.0076,0.0177,0.0282,0.0009,0.0004,0.0095,0.0211,0.0053,0.0107,1.8582,0.0679,0.01,1.0494,6.227,9.2312,0.1386,1.0367,3.4587,10.0236,9.9769,1.2084,1.266,0.8576,3.9563,5.692,7.3076,0.3769,0.3974,8.8222,3.2068,4.648,3.6313,0.4742,0.4032,0.5581,0.4677,7.0712,4.7583,0.6082,0.085,0.2512,0.3551,0.1616,0.0821,0.0851,0.0034,0.024,0.0121,0.012
68a.cdf,0.0293,0.0088,0.0123,0.0222,0.0333,0.0023,0.0013,0.0095,0.0339,0.0076,0.0231,2.0503,0.1401,0.0281,1.2603,6.4219,8.8957,0.1584,1.2326,3.5582,9.8118,9.5186,1.2235,1.2064,0.8149,3.6627,5.5448,6.8946,0.3755,0.4068,8.43,3.0086,4.5581,4.0113,0.4915,0.4256,0.5707,0.4943,7.115,5.2004,0.9382,0.1257,0.2929,0.3958,0.2283,0.1121,0.1236,0.0057,0.0302,0.0255,0.0278
69a.cdf,0.0348,0.0094,0.0079,0.0192,0.0171,0.0014,0.0007,0.0053,0.0252,0.0084,0.0294,1.1632,0.0971,0.031,0.5314,5.8198,7.9566,0.127,0.7426,1.7983,9.3866,8.4649,1.1723,1.2996,0.705,4.5892,7.6957,7.2622,0.443,0.576,7.0709,3.9315,6.2371,5.4444,0.5315,0.4578,0.6502,0.5699,5.9334,6.066,1.8946,0.0959,0.2682,0.2447,0.2118,0.1325,0.161,0.0056,0.008,0.0423,0.0229
6a.cdf,0.0491,0.0141,0.0355,0.1957,0.1334,0.0042,0.0028,0.0393,0.0693,0.0857,0.0734,5.199,0.295,0.1474,1.6416,9.6974,10.7311,0.2903,1.7847,2.0005,11.7649,9.526,1.6965,0.926,0.5166,5.193,6.451,7.012,0.5294,0.4757,0.6229,3.3203,3.6481,4.9025,0.59,0.5009,0.672,0.5533,0.6322,4.6772,2.1752,0.1322,0.1646,0.1547,0.2729,0.1707,0.0375,0.1395,0.0006,0.0022,0.0502
70a.cdf,0.0322,0.0136,0.01,0.0188,0.0355,0.0021,0.0014,0.0114,0.0233,0.0073,0.0404,2.3588,0.0952,0.0496,1.1772,5.0976,7.8714,0.1897,0.5799,2.2572,8.2932,8.1432,1.1807,1.9811,0.8188,3.8729,8.1515,7.5342,0.5025,0.8293,5.4643,4.0603,7.9801,5.2349,0.5502,0.4893,0.7571,0.5891,4.0649,7.3735,1.1071,0.1975,0.2205,0.2598,0.2216,0.1002,0.0781,0.0074,0.0198,0.0138,0.0306
71a.cdf,0.0656,0.0197,0.0185,0.0682,0.0756,0.0043,0.0027,0.0298,0.0872,0.1113,0.0916,6.7913,0.2035,0.1672,1.737,11.5543,13.8931,0.2669,1.3664,1.9122,13.765,12.195,1.255,0.7943,0.4382,4.9806,5.7894,7.8658,0.3918,0.3242,0.5266,1.9381,2.4598,3.6727,0.4053,0.3512,0.442,0.3928,0.5032,1.669,0.9843,0.0864,0.0589,0.0522,0.0543,0.0497,0.0435,0.0089,0.0022,0.0052,0.0279
72a.cdf,0.0254,0.0069,0.0087,0.0178,0.0414,0.0025,0.0019,0.0117,0.0173,0.0088,0.037,2.3453,0.1682,0.1631,1.4654,6.2925,8.3544,0.194,1.4194,4.1235,10.0157,9.1555,1.4827,1.462,0.9247,3.7683,6.9478,6.3431,0.3882,0.4257,7.8692,3.0168,5.1657,3.3646,0.4448,0.381,0.5375,0.4504,6.8729,4.4934,0.5989,0.1373,0.2688,0.3837,0.1552,0.084,0.0871,0.0037,0.0332,0.0197,0.0129
73a.cdf,0.0361,0.0092,0.0059,0.0184,0.0284,0.0009,0.0005,0.0071,0.0166,0.0085,0.0119,1.3919,0.1359,0.1444,0.8773,7.2533,9.3038,0.1445,1.8532,4.3362,10.9208,10.903,1.4609,1.2067,0.8038,3.7029,3.8981,7.1196,0.3524,0.3565,8.8454,2.5641,3.2628,3.6272,0.4255,0.3674,0.5002,0.4446,7.6597,4.0719,0.8518,0.0786,0.2632,0.3382,0.1633,0.0972,0.0779,0.003,0.0243,0.0141,0.0107
74a.cdf,0.0414,0.008,0.0044,0.0142,0.0288,0.0005,0.0002,0.0063,0.0105,0.009,0.0187,1.28,0.1461,0.3424,0.8186,6.764,8.4904,0.2171,1.7925,4.504,10.2844,10.2035,1.5935,1.552,0.9477,3.6494,4.5353,6.9605,0.3853,0.4349,8.4327,2.6577,3.6024,3.927,0.4929,0.4254,0.5512,0.4796,7.8368,4.2103,0.8554,0.261,0.3508,0.4075,0.1689,0.103,0.1063,0.0097,0.0301,0.0251,0.0228
75a.cdf,0.0263,0.0086,0.0081,0.0222,0.0266,0.0017,0.0009,0.0059,0.0154,0.0072,0.0197,1.4135,0.1326,0.9052,1.0506,6.467,8.3266,0.6438,1.8291,4.4244,9.8931,9.4145,1.8414,1.476,0.8203,3.7095,4.653,6.5505,0.3976,0.4607,7.6355,2.7579,3.6222,4.4013,0.5271,0.4593,0.5957,0.5153,7.3826,4.8451,1.3545,0.1449,0.3149,0.3206,0.2237,0.1308,0.0895,0.0427,0.0307,0.0335,0.0203
76a.cdf,0.1529,0.0297,0.0162,0.1031,0.1429,0.0032,0.0021,0.0554,0.0954,0.1749,0.7356,6.3874,0.2914,0.5068,1.6684,10.5572,9.741,0.4296,1.6167,1.5113,12.8144,8.3288,1.6174,0.7525,0.4019,5.1517,8.6953,5.6419,0.4089,0.3588,0.5975,2.6985,5.7651,3.5979,0.4876,0.4334,0.5299,0.4338,0.5624,3.9403,1.4584,0.4337,0.1361,0.1216,0.1576,0.1004,0.0513,0.0566,0.0027,0.0038,0.0389
77a.cdf,0.0432,0.0132,0.0091,0.0219,0.0314,0.0012,0.0006,0.0096,0.0209,0.0071,0.0111,2.0068,0.1052,0.2281,1.2425,6.729,9.8936,0.3188,1.191,3.7079,10.5876,10.6,1.2632,0.9639,0.7054,3.318,4.5429,6.7713,0.3465,0.3072,9.2213,2.6982,3.886,2.7699,0.4979,0.4462,0.5539,0.4509,7.9064,4.6204,0.4999,0.3205,0.2974,0.3661,0.1851,0.0859,0.0959,0.0191,0.0274,0.0181,0.0351
78a.cdf,0.0268,0.0086,0.0099,0.0195,0.0406,0.0019,0.0011,0.0113,0.024,0.0066,0.0144,2.7472,0.1116,0.1716,1.6233,5.8335,8.6291,0.2599,1.0107,3.3972,8.5108,8.7931,1.2353,1.4702,0.8442,3.9378,5.3841,6.892,0.4106,0.4815,7.6234,3.6258,4.7183,4.2134,0.5289,0.4572,0.6343,0.5248,6.8846,6.2705,0.8674,0.3465,0.3475,0.4283,0.2735,0.115,0.1289,0.0076,0.0287,0.0261,0.0412
79a.cdf,0.0397,0.0126,0.0123,0.0242,0.0342,0.0017,0.0008,0.0109,0.0304,0.0067,0.0126,2.3102,0.075,0.071,1.3689,5.5925,8.9696,0.1957,1.0031,3.5279,9.396,9.548,1.1699,1.1929,0.8017,3.8569,5.1586,6.9754,0.3574,0.3878,8.3696,3.3261,4.4493,3.8922,0.4619,0.3993,0.5673,0.4873,7.6461,5.9582,0.8323,0.1468,0.343,0.3898,0.2702,0.1123,0.1292,0.007,0.0285,0.0288,0.0101
7a.cdf,0.0262,0.0092,0.0065,0.0154,0.0619,0.0049,0.0045,0.0164,0.0135,0.0055,0.0331,3.5913,0.0912,0.0009,1.8716,6.1568,8.9399,0.2333,0.7983,3.1878,9.0399,8.9168,1.4702,1.8814,0.8523,4.0933,7.6494,7.3766,0.5459,0.7469,3.9247,3.7306,6.2441,5.0701,0.5415,0.4589,0.713,0.5828,2.9594,5.9577,1.2654,0.0321,0.2094,0.2246,0.2544,0.1288,0.0341,0.0008,0.0111,0.0076,0.0082
80a.cdf,0.0303,0.0118,0.0181,0.0302,0.0498,0.006,0.0038,0.0157,0.0402,0.0183,0.0576,2.8093,0.3101,0.3368,1.7701,6.4289,8.6043,0.3244,1.47,3.6062,9.118,8.8682,1.448,1.3728,0.7651,4.0599,5.5895,6.583,0.4282,0.4292,7.2703,3.5216,4.5365,3.7142,0.5511,0.4977,0.6443,0.5055,6.0409,5.6804,0.7573,0.4702,0.287,0.3584,0.2424,0.098,0.1035,0.0139,0.0243,0.0197,0.0587
81a.cdf,0.073,0.0151,0.018,0.4944,0.0502,0.001,0.0005,0.015,0.593,0.0292,0.2342,3.1404,0.2064,0.2752,0.9623,8.9682,9.1208,0.5082,1.2186,1.5032,11.6186,8.2038,1.5498,0.7986,0.449,4.6115,9.5405,5.7812,0.5632,0.4802,0.6065,3.2148,7.5305,4.0107,0.8099,0.687,0.7981,0.5945,0.6511,6.1631,1.8495,0.8682,0.2187,0.1933,0.2644,0.1527,0.0715,0.0941,0.0065,0.0079,0.1833
82a.cdf,0.1249,0.0226,0.0246,0.4867,0.071,0.0018,0.001,0.0191,1.1978,0.0353,0.0776,2.3984,0.1412,0.2263,0.5344,8.6229,9.909,0.4128,1.1148,1.0669,12.3052,9.1369,1.4144,0.7096,0.4014,5.3703,8.2774,6.6998,0.5676,0.4187,0.5976,3.6275,5.754,3.9469,1.0719,0.838,0.9157,0.6316,0.7394,6.1285,1.3773,1.1439,0.2284,0.2019,0.2804,0.1216,0.0993,0.2167,0.0067,0.0121,0.2703
83a.cdf,0.0677,0.0128,0.0137,0.0824,0.0229,0.0023,0.0017,0.0108,0.02,0.0142,0.0535,1.4612,0.1016,0.3723,0.5646,7.0353,10.3006,0.368,0.6405,1.6444,12.6039,10.4538,1.35,0.8838,0.462,4.4773,9.3871,7.9193,0.4529,0.4547,0.8441,2.7861,6.8726,5.5481,0.8671,0.6579,0.7888,0.6403,1.2662,4.9652,2.367,0.3931,0.1732,0.1549,0.1658,0.1294,0.0632,0.0286,0.0045,0.0103,0.0386
84a.cdf,0.035,0.009,0.0138,0.0274,0.0908,0.0037,0.0021,0.0222,0.0235,0.0366,0.1455,3.3005,0.4935,0.9185,2.1483,7.8583,8.9718,0.5797,2.1705,4.5703,10.2947,9.5531,1.7649,1.2004,0.6952,3.3888,5.2827,6.4061,0.3864,0.4151,6.4679,2.0381,3.2914,4.0811,0.546,0.4684,0.5395,0.5149,5.5278,3.0389,1.1987,0.5469,0.2792,0.2465,0.1129,0.0937,0.0912,0.0361,0.0078,0.0156,0.0487
85a.cdf,0.0352,0.0083,0.0047,0.0152,0.0395,0.0007,0.0004,0.0095,0.014,0.0105,0.0456,2.0828,0.1566,0.5418,1.2999,6.8579,8.4511,0.4149,1.6297,4.1775,10.3424,9.3666,1.6752,1.2507,0.8125,3.2974,5.5431,6.3473,0.3864,0.4286,7.8283,2.3921,4.0996,4.1155,0.5436,0.5034,0.597,0.5384,7.1883,4.1583,1.2866,0.3193,0.3328,0.3552,0.1765,0.1213,0.0998,0.0271,0.021,0.0216,0.0281
86a.cdf,0.0376,0.0083,0.008,0.0174,0.1481,0.0024,0.0018,0.0464,0.0177,0.0355,0.245,4.7026,0.4328,0.5583,2.9847,7.9137,9.2198,0.4356,1.6806,4.186,10.0915,8.8685,1.5396,1.2431,0.6409,3.0569,6.3584,6.2712,0.3769,0.4219,5.6767,1.8631,4.0575,3.9297,0.5756,0.4915,0.5378,0.458,5.362,2.9075,0.9693,0.669,0.2756,0.2636,0.1006,0.0816,0.1125,0.0159,0.0102,0.0251,0.0662
87a.cdf,0.0725,0.0152,0.0122,0.0247,0.0648,0.0019,0.0009,0.0184,0.0213,0.015,0.0759,3.2302,0.18,0.0362,1.9277,7.6179,10.0914,0.1555,1.2166,4.2526,11.5315,10.4491,1.1847,1.0629,0.6842,2.707,6.1662,6.8663,0.311,0.3538,7.9172,1.8351,4.082,3.692,0.4214,0.356,0.4601,0.4501,6.0306,2.7874,0.8496,0.0879,0.1994,0.2014,0.0886,0.0716,0.0863,0.004,0.0073,0.0141,0.0104
88a.cdf,0.0381,0.0074,0.0053,0.0139,0.0133,0.0011,0.0007,0.0036,0.0143,0.0037,0.0109,0.6734,0.0413,0.3031,0.2695,3.1416,6.8499,0.6223,0.2634,1.0563,7.4315,7.1223,1.2062,1.6707,0.7449,3.8727,7.963,7.4882,0.5739,1.0322,6.1208,4.5106,8.8575,5.8336,0.6919,0.6539,1.1014,0.818,4.529,10.4061,1.986,0.3444,0.298,0.3064,0.6614,0.2259,0.1105,0.0248,0.0151,0.0213,0.0452
89a.cdf,0.0523,0.0117,0.0191,0.2586,0.037,0.0018,0.0012,0.0119,0.188,0.027,0.0955,1.6577,0.1419,0.2635,0.5829,8.3545,9.8149,0.5062,1.1283,1.4578,12.7091,9.4873,1.5032,0.8379,0.4416,5.386,9.3973,6.976,0.5304,0.4476,0.9041,3.5521,6.458,4.2232,0.773,0.6421,0.7521,0.5576,1.2551,5.2697,1.3343,0.9036,0.2175,0.1913,0.192,0.1049,0.0852,0.0682,0.0054,0.0083,0.1742
8a.cdf,0.0278,0.0084,0.0083,0.0215,0.0679,0.003,0.0021,0.0192,0.0241,0.0091,0.0525,2.831,0.1689,0.3307,1.7995,5.6665,7.4288,0.3531,1.2765,3.5458,8.1984,7.6031,1.7515,1.8027,1.0271,3.6519,6.8345,5.7537,0.5317,0.633,7.1271,3.5776,6.114,3.718,0.6413,0.5917,0.8109,0.6182,6.2267,6.3227,0.8442,0.409,0.3952,0.4461,0.3261,0.1444,0.1559,0.0064,0.0189,0.0331,0.0402
90a.cdf,0.0325,0.0079,0.0055,0.0144,0.0301,0.0027,0.0024,0.0084,0.0104,0.0057,0.0074,1.7212,0.0841,0.0577,1.1278,5.8165,8.3135,0.146,1.5369,4.5573,9.1744,9.5498,1.4792,1.735,1.0743,3.9174,4.6415,6.7513,0.3967,0.4827,8.1903,3.2992,4.1621,4.2116,0.507,0.4235,0.6237,0.5197,7.3718,5.6341,1.0087,0.1577,0.2945,0.3624,0.2489,0.114,0.0913,0.0065,0.028,0.02,0.034
91a.cdf,0.0241,0.0069,0.0082,0.0157,0.0342,0.0044,0.004,0.0106,0.0165,0.0056,0.0172,1.9535,0.0865,0.0664,1.2577,4.7874,6.9624,0.1296,1.0084,3.4628,7.3959,7.6408,1.4657,2.6428,1.2223,3.8781,6.7798,6.6652,0.5571,0.8752,6.9547,4.0567,6.5445,4.5191,0.4923,0.4212,0.7992,0.5909,6.4987,7.5733,0.8914,0.1635,0.3532,0.4851,0.3118,0.1222,0.1409,0.0045,0.0379,0.0362,0.0179
92a.cdf,0.0333,0.0081,0.0064,0.0166,0.0306,0.0013,0.0008,0.0075,0.0141,0.0063,0.0092,1.5786,0.0941,0.0489,1.1091,5.7671,8.0455,0.1166,1.8302,4.8498,8.9988,9.3899,1.5702,2.0996,1.1258,3.8379,4.3238,6.7663,0.3879,0.558,7.9916,3.1638,3.6111,4.7717,0.4319,0.3706,0.5543,0.5051,7.86,5.4048,1.2632,0.0955,0.3672,0.3924,0.2473,0.1265,0.1284,0.0029,0.0271,0.0413,0.011
93a.cdf,0.0291,0.0084,0.0062,0.0164,0.0238,0.0012,0.0008,0.0061,0.0169,0.006,0.0081,1.2083,0.0857,0.2342,0.8175,5.7519,7.9488,0.1954,1.874,4.8346,9.4321,9.6587,1.8809,2.0707,1.0528,4.2086,4.5415,6.7473,0.4298,0.5125,7.7708,3.3145,3.6539,4.1604,0.4645,0.402,0.5701,0.4815,7.972,5.185,0.8426,0.2091,0.3806,0.4089,0.2066,0.104,0.1293,0.0084,0.034,0.0475,0.0463
9a.cdf,0.0278,0.0101,0.0084,0.0184,0.0942,0.0022,0.0014,0.0257,0.0211,0.0149,0.0665,3.4314,0.2731,0.0265,2.3563,6.2973,7.9481,0.1986,1.8478,4.3798,8.8756,8.0669,1.8323,1.9383,0.9982,3.6938,6.7823,5.7188,0.4712,0.5595,6.7115,3.2592,5.2582,3.3774,0.5058,0.4261,0.6232,0.4984,6.1327,4.9288,0.6168,0.241,0.3453,0.4996,0.217,0.1124,0.1501,0.0004,0.041,0.0441,0.0245
1.cdf,1.5827,0.3485,0.0058,0.0322,0.0103,0.0033,0.0027,0.0051,0.0166,0.0058,0.0018,0.331,0.0371,0,0.1861,4.7467,16.4398,0.5323,0.344,1.761,16.3839,23.0519,3.9975,1.6738,1.3056,1.6531,2.2644,6.2025,0.7348,0.6173,3.4594,1.2733,1.5315,2.053,0.6062,0.5614,0.6993,0.6304,1.8779,1.5848,0.7462,0,0.1639,0.1702,0.1929,0.1476,0.0048,0,0.0103,0.0091,0.0001
10.cdf,0.1373,0.0544,0.0054,0.0382,0.0115,0.0197,0.019,0.0061,0.0106,0.0067,0.0025,0.2962,0.0521,0,0.1513,9.1673,15.8901,0.3488,0.5296,1.3366,21.2247,25.1003,3.2998,1.3003,1.0257,1.5681,2.3303,5.2863,0.6173,0.4341,1.478,0.9256,1.1584,1.6127,0.4571,0.431,0.5436,0.4985,0.9077,0.8748,0.5442,0.016,0.0445,0.0385,0.0931,0.0695,0.0194,0,0.0048,0.0049,0.0074
11.cdf,0.3514,0.0888,0.001,0.0206,0.0052,0.063,0.0622,0.0029,0.0033,0.0018,0.0009,0.16,0.017,0,0.0668,2.6755,11.7943,0.2567,0.1205,0.6229,11.4021,18.5091,2.3521,1.1615,0.843,2.5417,5.8562,11.7121,0.9655,0.8838,1.8045,2.7117,4.4142,5.2365,0.9028,0.7962,1.0645,0.8933,1.3737,5.1742,1.791,0,0.2613,0.2569,0.4746,0.2619,0.0188,0,0.0101,0.0089,0.003
12.cdf,0.0957,0.0267,0.0024,0.0259,0.0086,0.0052,0.0046,0.0043,0.009,0.0037,0.003,0.3343,0.0283,0,0.1472,4.1762,16.4161,0.3412,0.1751,1.0203,11.4936,22.0539,2.7151,1.313,0.9655,2.1393,4.6029,10.8906,0.9023,0.7714,2.4581,2.2346,3.0862,3.1536,0.7176,0.6465,0.8356,0.7063,1.4035,2.5938,0.8335,0.0004,0.1484,0.1515,0.1856,0.1318,0.0186,0.0004,0.0072,0.0056,0.0056
13.cdf,0.106,0.0455,0.0025,0.0258,0.0071,0.0053,0.0047,0.0042,0.0144,0.0038,0.0007,0.2628,0.0311,0,0.1286,6.9711,16.9463,0.3716,0.384,1.2108,19.3773,23.7616,3.152,1.2846,1.0084,1.822,2.6217,6.2465,0.66,0.5,2.2188,1.3201,1.5244,2.0286,0.523,0.4831,0.6156,0.5485,1.1532,1.4802,0.6739,0.0072,0.0874,0.09,0.1474,0.0978,0.0205,0,0.0078,0.006,0.0059
14.cdf,0.1357,0.031,0.0002,0.0212,0.005,0.0039,0.0036,0.0025,0.0027,0.0012,0,0.2374,0.0193,0,0.119,3.8619,16.6162,0.3635,0.1959,1.3676,13.204,24.0798,3.2684,1.5666,1.1434,1.9486,3.7631,10.4388,0.8765,0.7666,1.7844,1.8148,2.205,3.0744,0.6365,0.5751,0.7412,0.6368,1.058,2.0174,0.8527,0,0.1178,0.1173,0.1685,0.1243,0.0124,0.0001,0.008,0.0062,0.0056
15.cdf,1.2119,0.5014,0.0026,0.019,0.0094,0.1059,0.1053,0.0037,0.0078,0.0025,0.0009,0.536,0.0311,0,0.2549,6.5455,16.131,0.4596,0.4221,1.9993,15.9814,18.6445,3.0301,1.3674,1.0568,1.8854,2.9826,7.154,0.6698,0.5718,4.5259,1.6909,2.2122,2.0393,0.5756,0.5191,0.6597,0.5623,2.1583,2.0883,0.5811,0,0.1708,0.1967,0.1722,0.1187,0.0158,0,0.0103,0.0061,0.0025
16.cdf,0.2134,0.106,0.0021,0.0162,0.0082,0.0743,0.0739,0.0034,0.0064,0.0025,0.001,0.3794,0.0212,0,0.201,5.3124,13.8691,0.3864,0.4754,2.0637,15.7191,16.3719,2.7945,1.291,1.0189,2.1402,3.0967,6.9837,0.6329,0.5618,7.2895,1.9928,2.9136,2.2585,0.6521,0.5813,0.737,0.6297,4.3555,3.0812,0.6511,0.0002,0.2785,0.2949,0.2422,0.1565,0.0287,0,0.0151,0.0112,0.0037
17.cdf,1.9603,0.658,0.0064,0.0313,0.0119,0.242,0.2383,0.0043,0.0097,0.0044,0.0018,0.2951,0.031,0,0.1291,4.7654,14.4789,0.293,0.3217,1.6379,15.7249,22.789,3.1295,1.5368,1.1102,1.6558,2.4169,10.1847,0.7673,0.6839,2.3266,1.2529,1.4679,3.2417,0.5882,0.5335,0.6642,0.594,1.4092,1.4227,0.8768,0,0.1205,0.1194,0.136,0.118,0.0045,0,0.0028,0.0016,0.0001
18.cdf,1.0113,0.4951,0.0037,0.032,0.0087,0.0309,0.0298,0.004,0.0069,0.0055,0.001,0.3424,0.0344,0,0.1483,10.6873,18.5706,0.3838,0.4919,1.1012,22.1905,20.2731,2.6792,1.0432,0.822,2.0555,2.8317,4.884,0.5774,0.3821,1.2092,0.9815,1.1843,1.4871,0.4234,0.3976,0.5016,0.457,0.7262,0.8226,0.4695,0.0235,0.0253,0.0193,0.0687,0.0477,0.0196,0,0.0025,0.002,0.0042
19.cdf,1.7257,0.6598,0.0027,0.0288,0.0059,0.0015,0.0008,0.0032,0.0057,0.004,0,0.1852,0.0333,0,0.0892,10.796,15.0133,0.3293,0.4928,1.0326,23.2199,23.0199,3.0004,1.1476,0.9106,1.7719,2.5656,4.5606,0.566,0.3761,1.1662,0.8796,1.1023,1.3948,0.4124,0.3883,0.4887,0.4499,0.7081,0.7615,0.4849,0.022,0.0212,0.0164,0.071,0.0476,0.0212,0,0.0036,0.004,0.008
2.cdf,0.3516,0.2037,0.0028,0.0234,0.0072,0.0057,0.0051,0.0025,0.0064,0.0023,0,0.2764,0.0224,0,0.1597,4.4463,15.722,0.5291,0.327,1.7878,16.0486,20.5054,3.7411,1.7178,1.2971,2.0117,2.8289,7.5167,0.8051,0.7577,3.5456,1.7001,1.9523,2.6486,0.6676,0.6059,0.7741,0.6902,2.0061,2.4269,0.9514,0,0.2111,0.2203,0.2672,0.1876,0.0051,0,0.0106,0.01,0.008
20.cdf,0.1637,0.0448,0,0.0251,0.0056,0.0081,0.0075,0.0033,0.0046,0.0024,0,0.2214,0.0318,0,0.1169,9.7971,17.1965,0.3841,0.4625,1.1549,22.3226,24.4327,3.1429,1.1654,0.9451,1.4501,2.1393,4.208,0.5453,0.354,1.5745,0.8763,1.1127,1.5008,0.4334,0.407,0.5157,0.4726,0.9268,0.9325,0.6089,0.0172,0.0362,0.029,0.1085,0.0695,0.0223,0,0.006,0.0051,0.0093
21.cdf,0.5028,0.2232,0,0.0219,0.0034,0.0068,0.0064,0.0014,0,0,0,0.1093,0.0224,0,0.0677,8.4108,14.6154,0.4037,0.343,0.8526,24.7622,25.4238,3.5855,1.291,1.0394,1.7129,2.4992,4.2835,0.6174,0.3713,0.9239,0.9741,1.1165,1.4465,0.4451,0.4257,0.5441,0.5004,0.6141,1.0081,0.561,0.0306,0,0,0.1161,0.0498,0.0294,0,0.0042,0.0104,0.0228
22.cdf,0.1096,0.0243,0,0.0244,0.0051,0.0194,0.019,0.0026,0.0016,0.0015,0,0.1702,0.0359,0,0.0889,10.3733,15.6989,0.4462,0.3631,1.018,21.5609,26.7743,3.7666,1.4,1.1289,1.3434,2.1,4.0687,0.6017,0.3925,1.1291,0.7682,1.001,1.4065,0.4399,0.4208,0.5268,0.4976,0.7156,0.7488,0.5642,0.0242,0.0031,0,0.0947,0.0561,0.0273,0,0.0058,0.0095,0.0219
23.cdf,0.6162,0.3922,0.0011,0.0253,0.0079,0.0043,0.0037,0.0029,0.0025,0.0025,0,0.2296,0.042,0,0.0979,12.4501,14.398,0.4364,0.5196,1.0881,24.6854,22.4704,3.5778,1.2773,1.0483,1.5595,2.3582,3.6911,0.5713,0.3729,1.0341,0.7793,0.9908,1.2878,0.4046,0.3823,0.4847,0.445,0.6568,0.7893,0.5516,0.0174,0.023,0.0159,0.1008,0.0625,0.0197,0,0.0044,0.0057,0.0118
24.cdf,0.5843,0.3436,0,0.0429,0.0088,0.0598,0.058,0.006,0.0031,0.0037,0.0025,0.4001,0.03,0,0.0746,2.889,12.7513,0.3845,0.0675,0.5079,16.8706,19.6134,3.2804,1.3141,1.042,2.6246,6.5138,9.9826,1.1534,0.7998,1.5039,1.6751,3.0273,3.9888,0.9128,0.8467,1.0546,0.9724,1.1074,1.6515,1.3537,0.0239,0.0463,0.0335,0.1736,0.124,0.0426,0,0.0099,0.0139,0.026
25.cdf,0.4771,0.203,0,0.0339,0.0201,0.5274,0.5207,0.0103,0.008,0.0145,0.0658,2.9015,0.0477,0,0.2555,8.649,27.0939,0.7093,0.1725,0.9291,16.2039,14.5282,2.8452,1.039,0.8638,1.6192,4.5792,4.0573,0.7132,0.4116,0.9748,0.9261,2.1636,1.579,0.5644,0.534,0.6645,0.616,0.697,0.8957,0.6571,0.0496,0.0015,0,0.0773,0.0525,0.033,0,0.0005,0.0023,0.0109
26.cdf,1.2132,0.723,0.0014,0.0434,0.0205,0.0095,0.0083,0.0094,0.0026,0.0134,0.0079,2.676,0.0459,0,0.2557,8.4967,28.1108,0.7616,0.1703,1.0003,15.2007,15.9817,2.9481,1.1357,0.9297,1.5654,2.8722,4.277,0.6958,0.4071,0.9487,0.8986,1.4421,1.8382,0.5597,0.5386,0.6892,0.655,0.6812,0.9738,0.8938,0.0392,0,0,0.1164,0.0791,0.0429,0.0031,0,0.0031,0.0141
27.cdf,0.3951,0.1377,0,0.0339,0.0071,0.0045,0.0039,0.0037,0.0024,0.0019,0,0.267,0.0363,0,0.1211,7.8174,19.9147,0.5734,0.2161,0.9804,16.0777,26.4455,3.8671,1.4344,1.1747,1.4418,2.5328,5.06,0.7301,0.4324,1.4467,0.9538,1.3431,1.5972,0.5518,0.5256,0.657,0.6119,0.904,0.882,0.5628,0.0311,0,0,0.0952,0.0518,0.0353,0,0.0071,0.0092,0.0218
28.cdf,0.3027,0.0983,0,0.0224,0.0045,0.0019,0.0016,0.0028,0.0017,0.0014,0,0.1475,0.0205,0,0.0785,4.7387,14.812,0.4314,0.1815,0.8651,15.07,25.3936,3.6683,1.5324,1.1901,1.9797,3.539,9.1893,0.939,0.7763,1.5675,1.6689,1.936,2.8432,0.6716,0.6152,0.7798,0.686,1.0027,1.8488,0.8585,0,0.0999,0.094,0.1753,0.1191,0.0187,0,0.0081,0.0052,0.0115
29.cdf,0.3794,0.1025,0.0006,0.027,0.0057,0.005,0.0045,0.0034,0.0021,0.0016,0.0005,0.1575,0.0202,0,0.0675,2.3408,11.3038,0.3278,0.0638,0.5295,7.8926,20.4643,2.7951,1.2908,0.9741,2.1941,5.435,14.6521,1.258,1.1108,2.0526,2.7718,4.4629,5.467,1.0732,0.9603,1.2194,1.0373,1.5611,3.585,1.4654,0,0.2125,0.2044,0.2727,0.2046,0.0147,0,0.0093,0.0081,0.0076
3.cdf,0.5804,0.41,0.0044,0.0353,0.0165,1.1664,1.1641,0.0057,0.0079,0.0062,0.0032,0.4821,0.0749,0,0.1532,11.1681,14.8861,0.4478,0.4678,1.0147,20.2294,20.6471,3.3655,1.2763,1.031,2.001,3.014,4.9892,0.6867,0.4751,1.0853,1.1281,1.3269,1.6923,0.4976,0.4687,0.5969,0.5395,0.722,1.1512,0.6324,0.014,0.049,0.0445,0.128,0.085,0.0116,0,0.0044,0.0069,0.0056
30.cdf,0.5208,0.2903,0.0039,0.031,0.0081,0.0114,0.0106,0.0037,0.0052,0.0032,0.0005,0.2762,0.0349,0,0.123,8.835,17.1493,0.4854,0.3767,1.0926,20.9632,23.2083,3.5746,1.3851,1.1119,1.7298,2.7679,4.8368,0.6681,0.4955,1.4617,1.0687,1.3062,1.423,0.48,0.4489,0.5659,0.5184,0.8656,1.0421,0.4969,0.014,0.0497,0.0455,0.1046,0.0701,0.0211,0,0.0039,0.0023,0.0088
31.cdf,0.6603,0.3955,0.0011,0.0292,0.0095,0.0484,0.0472,0.0049,0.0028,0.0056,0.0046,0.5815,0.0234,0,0.1106,4.436,20.2924,0.5251,0.118,0.9162,13.8897,22.9235,3.2877,1.3666,1.0577,1.7244,3.784,8.3156,0.8757,0.7178,1.1859,1.0265,1.6695,3.5118,0.6686,0.611,0.7551,0.7082,0.8364,1.06,1.344,0,0.08,0.0735,0.1422,0.1409,0.0115,0,0.0044,0.0051,0.0104
32.cdf,0.2525,0.099,0.0011,0.0294,0.0256,0.9257,0.9224,0.0089,0.0054,0.0128,0.0065,1.6347,0.0313,0,0.1193,3.1492,16.6699,0.4354,0.0748,0.6736,12.2243,20.2087,2.974,1.3159,0.9973,2.8571,5.1083,11.4752,1.1015,0.9082,1.4459,1.6471,2.1103,3.7217,0.7739,0.7064,0.8709,0.7786,0.9605,1.3427,0.9704,0,0.0894,0.0815,0.1245,0.1112,0.0123,0,0.0012,0.0008,0.0028
33.cdf,0.0676,0.0143,0.0005,0.0127,0.0064,0.0214,0.0212,0.0026,0.0045,0.0015,0.0006,0.4181,0.0221,0,0.2385,6.1681,15.2327,0.5722,0.3893,2.3813,14.9444,17.2455,3.2362,1.4109,1.1358,1.4092,2.1268,6.2279,0.6282,0.5796,7.5078,1.5317,2.395,2.3065,0.6617,0.5918,0.7262,0.6365,4.8019,2.4844,0.7703,0,0.3017,0.3112,0.2284,0.1737,0.0246,0,0.0124,0.0112,0.0032
34.cdf,0.144,0.0331,0.004,0.0291,0.0116,0.0161,0.0155,0.0057,0.0074,0.0049,0.0027,0.3647,0.037,0,0.1888,6.16,19.7789,0.4795,0.3261,1.7947,16.9772,27.1285,3.7549,1.5415,1.2025,1.3454,2.2968,5.6062,0.6568,0.5063,1.9223,0.8442,1.1227,1.3663,0.4457,0.4173,0.5194,0.4726,1.036,0.7323,0.4253,0.0051,0.0543,0.0493,0.0745,0.0641,0.0164,0,0.0029,0.0029,0.0064
35.cdf,0.0963,0.0244,0.0005,0.0249,0.0079,0.0142,0.0137,0.0041,0.0032,0.0023,0.0038,0.3118,0.0262,0,0.1466,3.9919,19.6739,0.4512,0.1517,1.27,12.1588,28.2856,3.5814,1.5175,1.1616,1.5424,4.3022,8.0161,0.8254,0.659,1.4912,1.1379,1.9553,2.0561,0.5613,0.5199,0.6515,0.577,0.8909,1.0153,0.5584,0.0045,0.055,0.0489,0.0963,0.0741,0.019,0,0.0051,0.0044,0.0094
36.cdf,0.2083,0.058,0.0008,0.0155,0.0063,0.0153,0.015,0.0025,0.0038,0.0017,0.0003,0.2519,0.0231,0,0.1469,7.1312,16.6047,0.4904,0.4359,2.1921,17.3065,20.9829,3.5483,1.5716,1.1957,1.6431,2.3612,7.6744,0.7223,0.6694,2.5613,1.1489,1.3439,2.8691,0.5615,0.5072,0.6317,0.5711,1.5342,1.3937,0.9876,0,0.1451,0.1449,0.161,0.1451,0.0027,0,0.0053,0.0028,0.004
37.cdf,0.3625,0.1845,0.0032,0.0268,0.0129,0.0093,0.0087,0.0049,0.0051,0.0063,0.0101,0.5857,0.0685,0,0.2267,14.4915,18.604,0.4906,0.5954,1.3578,20.5742,19.1627,2.9018,1.1091,0.8839,1.4319,2.7828,4.1069,0.5651,0.4225,0.9917,0.7854,1.195,1.6881,0.4142,0.3827,0.4847,0.4479,0.613,0.9135,0.7453,0.0042,0.0552,0.0507,0.1167,0.0934,0.0139,0,0.0027,0.0015,0.0048
38.cdf,0.2653,0.1196,0.0025,0.0348,0.0099,0.0095,0.0089,0.0049,0.004,0.0043,0.0019,0.2566,0.0388,0,0.0975,11.7015,16.4863,0.4233,0.4466,1.0446,23.7548,24.0237,3.442,1.2444,1.011,1.4304,2.5082,3.5223,0.5745,0.3307,0.8544,0.7068,1.064,1.0881,0.4088,0.3916,0.4945,0.4609,0.5618,0.5886,0.3963,0.0353,0,0,0.0605,0.0324,0.0277,0,0.0058,0.0048,0.0149
39.cdf,0.0968,0.0235,0,0.0235,0.0106,0.1586,0.1581,0.0048,0.0039,0.0041,0.0041,0.3904,0.0494,0,0.1517,13.077,21.0069,0.5357,0.3553,1.3825,15.4495,26.6065,3.4812,1.3117,1.0535,0.9627,1.7609,4.2337,0.5542,0.3779,0.8422,0.4915,0.7777,1.4342,0.3868,0.3668,0.4513,0.4302,0.5422,0.4058,0.4935,0.013,0.0008,0,0.0486,0.044,0.02,0,0.0043,0.005,0.0134
4.cdf,0.7754,0.1301,0.0008,0.0216,0.0061,0.0037,0.0033,0.002,0.0039,0.0015,0,0.2545,0.0279,0,0.1281,4.9092,16.5092,0.4857,0.2404,1.5646,13.3043,24.9756,4.0194,1.8129,1.3525,1.9484,3.1536,9.3999,0.9249,0.8022,1.4787,1.5176,1.5544,2.6205,0.6038,0.5541,0.7064,0.6194,0.8948,1.4507,0.7617,0,0.0971,0.0963,0.1477,0.1182,0.0017,0,0.008,0.0058,0.0016
40.cdf,0.0732,0.0203,0,0.018,0.0186,0.0507,0.0502,0.0059,0.0028,0.0093,0.0056,0.6921,0.0716,0,0.2016,15.236,20.1955,0.573,0.4406,1.4831,17.0076,21.9871,3.2229,1.2189,0.9796,1.08,1.8401,4.3576,0.5404,0.4117,0.9853,0.5855,0.7993,1.8037,0.397,0.3683,0.4578,0.4318,0.6873,0.6194,0.7761,0,0.0472,0.04,0.0924,0.0877,0.0114,0,0.0032,0.0044,0.0081
41.cdf,0.1003,0.0266,0,0.0223,0.0088,0.0146,0.0142,0.0037,0,0.0015,0.0014,0.386,0.034,0,0.1381,12.5211,25.4501,0.7252,0.2467,1.2786,14.2814,25.7415,3.7018,1.3233,1.0893,0.9006,1.6397,3.1965,0.5349,0.2851,0.8502,0.4585,0.8118,1.089,0.3897,0.3772,0.465,0.4484,0.5633,0.3979,0.3844,0.0056,0,0,0.0234,0.0206,0.0139,0,0.0104,0.0114,0.012
42.cdf,0.0932,0.1029,0.055,0,0.0724,0.3004,0.2491,0.0885,0,0,0,0.7656,0.2442,0,0.4298,8.6439,17.9168,1.1194,0.1458,1.4274,15.4268,26.3659,4.7569,1.7146,1.5341,1.2939,3.3877,2.2078,1.0976,0,1.3254,0.7446,2.0682,0,1.0676,1.0378,1.275,1.2619,1.0524,0.7244,0,0,0,0,0,0,0,0,0,0,0.0031
43.cdf,0.0659,0.0287,0,0.0288,0.0019,0,0,0,0,0,0,0.1397,0.02,0,0.0821,3.6655,18.0236,0.6067,0.0918,1.1025,11.9469,38.3621,5.1357,1.8979,1.541,1.1514,2.202,4.4353,0.7649,0.3501,1.1198,0.6371,1.2115,1.2312,0.5679,0.5673,0.7078,0.6828,0.7301,0.5499,0.3242,0,0,0,0,0,0,0,0.0162,0.0043,0.0054
44.cdf,0.1249,0.0399,0,0.0296,0.005,0.0312,0.0307,0.0007,0,0.0003,0,0.1985,0.0298,0,0.089,11.6011,19.7348,0.7374,0.2868,1.1467,19.5035,24.7567,4.4507,1.5492,1.3094,1.2321,2.161,2.8147,0.6438,0.2483,0.9663,0.6108,1.1047,0.881,0.4872,0.4825,0.6006,0.5799,0.6263,0.5357,0.3239,0,0,0,0.0151,0,0,0,0.0176,0.0056,0.0069
45.cdf,0.1512,0.0409,0,0.0251,0.0058,0.0315,0.031,0.0019,0,0,0,0.2113,0.026,0,0.0867,7.1753,16.6637,0.6404,0.2672,1.1569,20.8955,28.8922,4.9278,1.7501,1.4526,1.3339,2.2193,3.4341,0.6731,0.3636,1.0979,0.6815,1.0368,0.9705,0.468,0.455,0.5711,0.537,0.6753,0.6013,0.3266,0.0056,0,0,0.0463,0.0209,0.0169,0,0.0113,0.0096,0.0114
46.cdf,4.2894,0.7696,0,0.0352,0.0041,0.0171,0.0162,0.002,0.001,0.0003,0.0019,0.2124,0.0258,0,0.0785,5.8496,15.3267,0.6154,0.1396,0.8263,16.9334,20.9943,4.1105,1.5212,1.2584,1.9068,4.3883,5.9024,0.9599,0.598,1.3068,1.1675,2.0316,2.3806,0.72,0.6778,0.8435,0.7908,0.9046,1.0822,0.9987,0.0277,0.0037,0,0.1287,0.0902,0.0248,0,0.0095,0.0132,0.0139
47.cdf,0.5028,0.0805,0,0.0155,0.0044,0.0011,0.0008,0.0019,0.0016,0.0004,0,0.2312,0.0159,0,0.1347,2.7053,21.1327,0.7384,0.0942,1.8934,10.2183,28.8624,4.9459,2.0358,1.5995,1.4494,2.9811,7.361,0.8858,0.7494,1.872,1.0834,1.3498,1.9263,0.5548,0.5118,0.6381,0.5664,1.0356,0.8593,0.6089,0,0.0726,0.0703,0.0956,0.091,0.0022,0,0.0069,0.0069,0.0043
48.cdf,0.2525,0.0552,0,0.0181,0.0052,0.0365,0.0362,0.0024,0.0017,0.0012,0,0.1988,0.023,0,0.1151,4.5901,18.6017,0.6544,0.2224,1.8025,15.0769,28.7005,5.0225,2.0189,1.5989,1.3859,2.2549,6.5126,0.8109,0.6738,1.5069,0.885,0.9708,1.6438,0.4893,0.4556,0.566,0.5106,0.8163,0.6982,0.507,0,0.0509,0.0469,0.0852,0.0747,0.0027,0,0.0057,0.0069,0.005
49.cdf,0.1581,0.0309,0,0.0178,0.0048,0.0003,0,0.0025,0.0033,0.0012,0,0.192,0.0174,0,0.111,3.3918,18.2173,0.6182,0.1747,1.7337,13.7968,27.839,4.8301,1.9965,1.5701,1.4435,2.5707,7.3571,0.8579,0.74,2.2118,1.0849,1.3021,2.1021,0.5668,0.5212,0.6502,0.5798,1.2239,0.9801,0.6689,0,0.0944,0.0936,0.1174,0.107,0.0013,0,0.0074,0.0064,0.0039
5.cdf,0.6227,0.4433,0.0008,0.0294,0.0078,0.0091,0.0084,0.0029,0.0009,0.0035,0.0012,0.7048,0.0205,0,0.1377,4.5263,19.7757,0.5725,0.1683,0.8847,18.7092,16.7247,2.9977,1.2119,0.9542,2.7306,4.6235,7.3534,0.8568,0.676,1.1787,1.3973,1.8561,3.4879,0.6759,0.617,0.7726,0.7088,0.8632,1.6009,1.4542,0,0.1135,0.1086,0.2065,0.1705,0.0072,0,0.0088,0.0087,0.0052
50.cdf,0.0856,0.026,0.0009,0.0152,0.0064,0.0049,0.0046,0.003,0.0068,0.0016,0.0009,0.2787,0.018,0,0.158,4.3732,16.6693,0.6221,0.2274,2.0662,13.6171,20.87,3.9644,1.77,1.3679,1.4726,2.8736,8.4396,0.8561,0.8099,3.6905,1.323,1.8766,2.9997,0.6818,0.6119,0.7579,0.6717,3.0349,1.8627,1.0267,0,0.2307,0.229,0.1969,0.1819,0.0009,0,0.0075,0.0055,0
51.cdf,0.3741,0.0778,0.0029,0.0217,0.0072,0.0107,0.0103,0.0032,0.0051,0.0031,0.0028,0.2284,0.0251,0,0.1447,5.5348,17.7844,0.5627,0.2776,1.8249,15.1293,23.231,3.8935,1.6546,1.2824,1.4374,3.0197,7.6369,0.8063,0.7303,1.9167,1.0691,1.5906,3.1043,0.6163,0.5587,0.6969,0.633,1.1093,1.2702,1.1212,0,0.1305,0.1277,0.166,0.1575,0,0,0.0059,0.003,0.0001
52.cdf,0.1616,0.0513,0.002,0.022,0.0069,0.0026,0.0022,0.003,0.0057,0.0026,0.002,0.1726,0.0188,0,0.0696,2.2323,10.1388,0.2886,0.0938,0.5542,9.7257,17.1393,2.5517,1.2557,0.9179,2.4043,7.222,15.1394,1.275,1.2158,2.3425,2.6934,5.3565,5.4142,1.0736,0.9499,1.2135,1.0023,1.7582,3.4309,1.1825,0,0.2331,0.2306,0.2318,0.1869,0.0069,0.0001,0.0097,0.006,0
53.cdf,0.2714,0.0913,0.0028,0.0175,0.0126,0.1472,0.1466,0.0045,0.0131,0.0034,0.0068,0.4807,0.0274,0,0.1884,5.693,14.6695,0.4382,0.2526,1.166,13.8765,16.2769,2.7145,1.2265,0.9395,2.1839,5.5966,9.0145,0.8696,0.7943,3.6762,1.9956,3.6828,3.3401,0.7704,0.6811,0.8587,0.7275,2.6717,2.6712,0.9118,0,0.241,0.2505,0.207,0.1641,0.0102,0,0.0092,0.0051,0
54.cdf,0.4622,0.2038,0.0052,0.0281,0.0155,0.3512,0.3503,0.0055,0.0097,0.0054,0.0069,0.3868,0.0376,0,0.1505,5.5278,15.4825,0.3832,0.2237,0.9597,12.56,21.33,2.9098,1.3394,1.0012,1.8333,4.7738,10.6391,0.9365,0.8156,2.0597,1.6367,2.8038,3.2559,0.7187,0.6477,0.8153,0.7039,1.4168,1.8421,0.8135,0,0.1368,0.1338,0.1433,0.1231,0.0088,0,0.0045,0.0013,0
55.cdf,1.2052,0.3175,0,0.0211,0.0047,0.0262,0.0258,0.0031,0.0025,0.0005,0.0007,0.1877,0.0196,0,0.0861,4.5009,16.6691,0.4435,0.1583,0.794,15.7206,22.4908,3.2519,1.2836,1.0154,2.137,5.3223,7.449,0.8793,0.6379,2.0329,1.7419,2.7177,1.9916,0.6561,0.6055,0.7674,0.6646,1.3827,1.7775,0.5687,0.0192,0.0817,0.0754,0.1317,0.0807,0.0254,0,0.0077,0.0062,0.0112
56.cdf,1.3476,0.8396,0.0032,0.0286,0.0113,0.0091,0.0084,0.0046,0.0025,0.0058,0.0086,0.6856,0.0242,0,0.1104,8.7081,16.8842,0.4748,0.279,0.73,23.3708,13.9729,2.8677,1.0542,0.8566,2.4554,5.3752,5.061,0.7458,0.5362,1.0478,1.3478,2.2056,2.4025,0.5903,0.5423,0.6886,0.6202,0.7692,1.7177,1.0793,0.0132,0.0909,0.0844,0.1816,0.1283,0.0196,0.0001,0.0043,0.0035,0.0014
57.cdf,0.359,0.0546,0.0009,0.0181,0.0055,0.0005,0.0003,0.0025,0.0023,0.0021,0,0.2088,0.0241,0,0.0972,6.7863,15.2984,0.4237,0.2994,1.0585,17.5577,22.0605,3.4085,1.4028,1.0942,2.2543,3.2656,7.5921,0.8227,0.6831,1.3087,1.7141,1.6889,2.835,0.5983,0.545,0.7145,0.6143,0.9075,2.5052,1.0578,0,0.1356,0.1317,0.277,0.1595,0.0102,0.0001,0.0075,0.0037,0.0013
58.cdf,0.2327,0.0523,0.0018,0.016,0.0073,0.0009,0.0007,0.0029,0.0063,0.002,0.0005,0.3216,0.0191,0,0.1532,4.1893,15.9614,0.4774,0.2483,1.7222,14.3461,19.8039,3.4133,1.6359,1.212,2.3264,3.6632,9.9786,0.9042,0.8439,2.1546,1.971,2.1559,3.3146,0.6671,0.5985,0.7737,0.6565,1.3765,2.8971,1.0463,0,0.1909,0.1942,0.2713,0.175,0.0027,0,0.0067,0.004,0.0003
59.cdf,1.4806,0.9194,0.0082,0.0392,0.0072,0.0374,0.0364,0.0029,0.0035,0.0025,0,0.1532,0.0268,0,0.0681,4.4683,9.7976,0.2779,0.1951,0.6065,16.9429,20.7437,2.9904,1.2878,0.9795,3.1242,4.5974,10.6672,0.9774,0.8136,1.4043,2.1356,2.2583,4.2488,0.7672,0.6915,0.8788,0.7658,1.045,2.4774,1.3417,0,0.152,0.149,0.2422,0.1743,0.0052,0,0.0045,0.0032,0.0001
6.cdf,1.0597,0.3876,0.0015,0.0207,0.0189,0.0154,0.0146,0.0056,0.0024,0.0081,0.0042,1.5283,0.0401,0,0.3081,10.929,18.8461,0.6493,0.3785,1.255,16.7389,16.164,2.8216,1.1517,0.9007,2.0833,2.9935,6.6147,0.715,0.6141,0.9863,1.2383,1.3033,3.3933,0.5736,0.52,0.6557,0.6007,0.7409,1.6013,1.4613,0,0.1246,0.1234,0.2173,0.1752,0.0006,0,0.0069,0.0056,0.0014
60.cdf,0.0723,0.0187,0.0018,0.0161,0.0077,0.0046,0.0043,0.003,0.0027,0.002,0.0022,0.2329,0.0206,0,0.0961,2.7773,12.3353,0.2908,0.1111,0.8345,8.4564,17.449,2.4959,1.525,1.0315,2.5431,6.0814,15.2187,1.1565,1.199,1.8207,2.6105,4.5618,6.2465,0.968,0.842,1.0753,0.8996,1.3662,3.3185,1.4217,0,0.2208,0.2187,0.2378,0.1916,0.0003,0.0001,0.0056,0.0037,0
61.cdf,1.1091,0.2127,0.0037,0.0249,0.0096,0.0231,0.0225,0.0041,0.0048,0.0059,0.0066,0.3317,0.0496,0,0.1611,11.4402,16.8388,0.4176,0.5149,1.3739,18.9225,20.1523,2.9677,1.2115,0.9338,1.6651,2.9738,6.1573,0.6461,0.5353,1.043,0.9863,1.3135,2.557,0.4889,0.4466,0.564,0.5152,0.7396,1.1773,1.0002,0,0.0869,0.0825,0.142,0.1247,0.0066,0,0.0027,0.002,0.0006
62.cdf,0.4149,0.1338,0.0023,0.0224,0.0131,0.0027,0.0022,0.0052,0.0052,0.0039,0.01,0.7008,0.0344,0,0.2982,5.5128,21.3911,0.5364,0.1728,1.7265,12.0283,24.107,3.2866,1.4275,1.0782,1.5485,4.6074,8.0319,0.7803,0.6546,1.4241,1.0338,1.8717,2.3412,0.5353,0.488,0.6027,0.5365,0.8753,0.8394,0.614,0,0.0665,0.0629,0.0775,0.0781,0.0075,0,0.003,0.0016,0.0017
63.cdf,0.239,0.0602,0.0018,0.0209,0.0096,0.0479,0.0474,0.0043,0.0054,0.003,0.0034,0.4798,0.0355,0,0.214,7.4917,19.7696,0.4884,0.2811,1.6171,14.9386,24.5843,3.3716,1.3936,1.0837,1.2329,2.3011,6.9146,0.6767,0.5672,1.9681,0.8684,1.2156,2.5136,0.5183,0.4729,0.583,0.5386,1.2479,0.9096,0.8732,0,0.092,0.0888,0.1054,0.109,0.0041,0,0.0038,0.0024,0.0008
64.cdf,0.8688,0.2141,0.0036,0.0279,0.0151,0.0624,0.0539,0.0071,0.0048,0.0089,0.008,0.3248,0.0424,0,0.1266,9.3322,16.5292,0.4004,0.2615,0.8679,17.2036,22.8098,2.9451,1.1699,0.8959,2.0057,4.0524,6.3539,0.7163,0.5288,1.0655,1.2257,1.7101,2.557,0.5571,0.5249,0.6473,0.5959,0.7868,1.1883,0.9422,0.0054,0.0588,0.0508,0.1213,0.1011,0.0155,0,0.001,0.0015,0.003
65.cdf,1.0042,0.6257,0.0016,0.0197,0.0127,0.0109,0.0104,0.0042,0.0019,0.0056,0.0355,1.1847,0.0273,0,0.2129,8.8451,19.1974,0.5176,0.2777,0.9197,20.7145,14.1439,2.5368,0.9744,0.7707,2.1552,7.0725,4.893,0.6793,0.5212,0.9492,1.2094,2.914,2.0403,0.5332,0.4834,0.608,0.5331,0.6799,1.4904,0.7516,0.0174,0.0873,0.0819,0.1269,0.0943,0.0183,0.0001,0.0027,0.0017,0.001
66.cdf,0.1292,0.0394,0.001,0.0156,0.0048,0.0277,0.0269,0.002,0.0032,0.0015,0.0008,0.1616,0.0139,0,0.0826,2.5353,14.2845,0.3432,0.1486,1.2222,12.5189,20.5371,3.0968,1.5667,1.1234,2.4985,6.3623,11.9485,1.0158,0.9447,1.7402,2.0936,3.3094,3.9158,0.7532,0.6698,0.8584,0.7259,1.1424,2.4286,1.0292,0,0.1625,0.16,0.1915,0.1497,0.0058,0,0.0041,0.0029,0.0002
67.cdf,0.4781,0.0956,0.0028,0.0233,0.0064,0.0016,0.0011,0.0031,0.0061,0.0031,0.0008,0.2722,0.0236,0,0.1366,4.7876,17.8957,0.4119,0.225,1.2236,14.9561,23.7346,3.168,1.4243,1.0785,1.8268,3.4727,8.6578,0.8116,0.6922,2.1267,1.524,1.9447,2.4812,0.5966,0.5424,0.6878,0.6047,1.2578,1.644,0.6912,0,0.1088,0.1096,0.1348,0.1055,0.0118,0.0001,0.0047,0.0018,0.0011
68.cdf,2.0229,0.7107,0.0044,0.0235,0.0074,0.0113,0.0106,0.0035,0.007,0.0029,0.0013,0.3209,0.0244,0,0.1507,5.1654,16.8385,0.4024,0.2485,1.1351,15.3639,20.7066,2.8502,1.2309,0.9556,1.7586,3.6019,8.0212,0.7568,0.6326,2.7427,1.6134,2.3381,2.6871,0.6257,0.5651,0.7157,0.6202,1.5806,2.116,0.803,0,0.148,0.1524,0.1795,0.1274,0.0101,0,0.0037,0.0016,0
69.cdf,1.368,0.4796,0.0043,0.0269,0.0052,0.0036,0.0029,0.0038,0.0059,0.0036,0.0023,0.1562,0.0206,0,0.0708,3.1408,11.6595,0.2613,0.1299,0.5447,14.2832,18.1195,2.4274,1.0946,0.8185,3.0225,6.4456,10.7363,0.9536,0.822,2.2554,2.5494,3.9814,4.405,0.8529,0.7564,0.967,0.826,1.553,3.148,1.28,0,0.1936,0.1905,0.2365,0.1728,0.0134,0.0001,0.0033,0.002,0
7.cdf,0.1412,0.0335,0.0009,0.0216,0.009,0.0034,0.003,0.0025,0.0029,0.0017,0.0011,0.3327,0.0192,0,0.1258,2.4221,15.3357,0.3987,0.0731,0.9538,6.5206,22.1925,3.0561,1.5572,1.1199,1.9126,4.6369,13.5139,1.1168,1.0555,1.8836,2.3273,3.6194,4.9626,0.9178,0.8151,1.0466,0.8856,1.3988,3.2663,1.3769,0,0.214,0.211,0.281,0.2083,0.0018,0,0.0092,0.0082,0.0025
70.cdf,1.3197,0.4435,0.0048,0.0236,0.0083,0.0094,0.0088,0.0037,0.0051,0.0029,0.0032,0.2658,0.0192,0,0.1026,2.0486,12.2801,0.2545,0.0701,0.652,6.3075,18.1648,2.1264,1.2423,0.8595,1.8002,5.9981,15.1035,1.0679,1.0687,2.2154,2.7025,6.1928,5.6841,0.9912,0.8596,1.1122,0.9165,1.6106,4.2284,1.2975,0,0.2378,0.2376,0.2496,0.1877,0.0072,0,0.0027,0.002,0
71.cdf,1.2962,0.9495,0.0065,0.0318,0.0286,0.0231,0.0221,0.01,0.0041,0.0258,0.0206,3.5318,0.0589,0,0.487,14.4146,19.9214,0.5502,0.5467,1.1482,19.7487,14.313,2.2987,0.919,0.7187,2.081,3.3375,4.5192,0.555,0.4081,0.7673,0.8945,1.1725,1.5257,0.3899,0.3614,0.4525,0.413,0.4961,0.7995,0.5229,0.0136,0.0381,0.0337,0.0713,0.0579,0.013,0,0,0.0008,0.0003
72.cdf,0.0939,0.0245,0.0005,0.0194,0.0053,0.0293,0.0289,0.0021,0.0046,0.0019,0.0014,0.235,0.0215,0,0.1316,3.9408,18.1618,0.3948,0.2057,1.7291,14.1619,25.5196,3.4708,1.5948,1.188,1.6186,3.8522,9.09,0.8109,0.6905,1.8919,1.2404,1.8308,2.4574,0.5595,0.5081,0.638,0.5626,1.047,1.1934,0.6649,0,0.0842,0.081,0.1067,0.0905,0.0075,0,0.0034,0.0024,0.0011
73.cdf,0.0783,0.0324,0.0016,0.015,0.007,0.0172,0.017,0.0025,0.0058,0.0021,0.0011,0.4286,0.0238,0,0.2257,6.4319,15.4209,0.4473,0.467,2.2715,16.4602,17.8744,2.9585,1.323,1.0504,1.5494,2.6092,6.4777,0.6041,0.5302,7.1203,1.4817,2.3465,2.0401,0.6022,0.5393,0.6663,0.5832,3.8182,2.0358,0.6146,0,0.2307,0.2484,0.1716,0.133,0.0172,0,0.0109,0.0061,0.0002
74.cdf,0.0743,0.0181,0.0024,0.0159,0.0093,0.0058,0.0055,0.0033,0.0084,0.0027,0.0022,0.4811,0.0262,0.0013,0.2621,5.6706,14.7062,0.4195,0.4619,2.7262,15.5478,17.652,2.9441,1.4261,1.0979,1.6294,2.6759,7.5844,0.633,0.5788,6.9755,1.5392,2.4348,2.3426,0.6165,0.5492,0.6811,0.5935,3.9347,2.1604,0.6507,0,0.2407,0.2603,0.1757,0.1374,0.0184,0,0.0108,0.0063,0.0001
75.cdf,0.1038,0.0183,0,0.0124,0.0034,0.0084,0.0082,0.0019,0.0019,0.001,0.0002,0.143,0.0139,0,0.096,6.152,17.1843,0.4189,0.3912,1.9183,18.9574,21.594,3.2096,1.3905,1.0658,1.5911,2.6871,7.0187,0.6493,0.5585,3.0505,1.1352,1.5536,2.4576,0.5239,0.4703,0.5893,0.5274,1.7631,1.3931,0.8145,0,0.1253,0.1234,0.1377,0.1153,0.0096,0,0.006,0.0029,0.0022
76.cdf,0.557,0.2371,0.0013,0.0231,0.0204,0.0195,0.019,0.0077,0.0031,0.0141,0.0653,2.6995,0.04,0,0.265,11.2854,20.2056,0.4651,0.3527,0.7759,22.9074,12.5856,2.279,0.8305,0.6718,2.1853,5.8313,3.9618,0.5922,0.4081,0.8398,1.0532,2.2905,1.6282,0.4651,0.4314,0.5385,0.4793,0.61,1.3182,0.6647,0.0342,0.0571,0.0513,0.1169,0.075,0.0272,0,0.0045,0.0019,0.0031
77.cdf,0.1955,0.0689,0.0019,0.0159,0.008,0.0086,0.0084,0.0031,0.0077,0.0019,0.001,0.533,0.0213,0,0.2682,4.8939,16.9976,0.4536,0.2782,1.8303,14.6914,18.6879,2.7048,1.198,0.9562,1.4713,2.6307,6.7622,0.6098,0.524,6.9388,1.6987,2.6645,2.2102,0.6361,0.5681,0.7129,0.6133,3.8442,2.6898,0.6692,0,0.2433,0.2746,0.2138,0.1446,0.0243,0,0.0142,0.0065,0
78.cdf,1.9221,0.8612,0.0065,0.0315,0.0087,0.0038,0.0031,0.0036,0.008,0.0033,0.0004,0.3689,0.0262,0,0.1681,3.6587,18.6344,0.3581,0.1459,1.1243,10.9668,23.9342,2.6501,1.2612,0.936,1.6721,2.9297,9.8273,0.7746,0.6403,2.3634,1.7673,2.1606,2.9686,0.6309,0.5709,0.7325,0.633,1.4586,2.3829,0.8381,0,0.1315,0.1289,0.1731,0.1187,0.0093,0,0.0022,0.0007,0
79.cdf,1.1031,0.5939,0.0034,0.0269,0.0079,0.0221,0.0215,0.0028,0.0049,0.0032,0.0005,0.3332,0.0273,0,0.1605,5.9786,17.5366,0.3627,0.3003,1.1545,17.0875,21.5712,2.6507,1.1352,0.8701,1.8636,3.2816,7.2735,0.676,0.5223,2.3952,1.577,2.0324,2.3082,0.5576,0.5065,0.6486,0.5605,1.4684,2.1211,0.7136,0.0031,0.1189,0.1185,0.1711,0.1059,0.0139,0,0.0025,0.0013,0
8.cdf,0.2655,0.0693,0.0022,0.0173,0.013,0.0164,0.016,0.004,0.0107,0.0024,0.0041,0.834,0.0262,0,0.3742,4.8902,15.3886,0.5532,0.2446,1.8182,12.1304,16.3273,2.8527,1.4026,1.0477,1.8893,4.5093,9.2992,0.8342,0.7809,4.7226,2.0506,3.55,3.1747,0.7588,0.6717,0.8561,0.7186,2.9047,3.0828,0.8742,0,0.2613,0.2849,0.2492,0.1751,0.0161,0,0.0126,0.0105,0.0019
80.cdf,2.9965,1.2225,0.0068,0.0296,0.0082,0.0053,0.0043,0.0027,0.0067,0.0019,0,0.4168,0.0247,0,0.194,4.7098,18.4751,0.3861,0.2109,1.2444,13.7475,21.6526,2.5916,1.1454,0.885,1.6255,2.9906,7.4216,0.6658,0.5178,3.3625,1.5985,2.178,2.1894,0.5725,0.5187,0.6612,0.5723,1.8909,2.0814,0.6385,0.0047,0.1356,0.1377,0.1498,0.103,0.0121,0,0.0028,0.0009,0
81.cdf,3.2971,1.1443,0.0062,0.0319,0.0091,0.016,0.0144,0.0037,0.0047,0.0047,0.0189,0.8307,0.0272,0,0.1828,6.955,17.5042,0.3683,0.2264,0.7095,17.8981,14.4663,2.0477,0.8445,0.645,2.2655,6.6907,6.4419,0.698,0.5416,0.9207,1.4399,3.2786,3.1144,0.6145,0.5461,0.6919,0.611,0.7445,2.3079,1.2381,0.0071,0.1186,0.1133,0.2002,0.1424,0.0145,0,0.0011,0.001,0
82.cdf,0.4213,0.1746,0.0024,0.0303,0.0115,0.0144,0.0133,0.0045,0.0044,0.0045,0.0019,0.3855,0.0233,0,0.0787,3.5577,15.1485,0.2801,0.1279,0.4961,18.5093,17.0007,2.243,0.9346,0.7079,3.5951,6.262,8.6372,0.8536,0.6424,1.0784,2.4752,3.1672,3.7845,0.7341,0.6589,0.8572,0.7378,0.8884,3.3604,1.3616,0.0097,0.1346,0.1282,0.2729,0.1561,0.0244,0,0.0024,0.001,0
83.cdf,0.4681,0.1988,0.0016,0.025,0.0073,0.0228,0.0222,0.0031,0.0032,0.0039,0.0091,0.35,0.0218,0,0.0944,5.4211,16.1694,0.3073,0.1852,0.6515,19.2153,17.2898,2.3149,0.949,0.7228,2.4659,7.5759,7.6928,0.7748,0.6089,1.0335,1.4625,3.3758,3.3791,0.6565,0.5842,0.7288,0.6414,0.8042,1.9975,1.2101,0.0074,0.1119,0.1065,0.1705,0.131,0.0191,0,0.0026,0.0015,0
84.cdf,1.4468,0.5697,0.0014,0.0274,0.0086,0.0112,0.0107,0.0027,0.004,0.0038,0.0022,0.29,0.0423,0,0.1496,6.2723,18.8343,0.3623,0.2135,1.4466,13.4422,29.0498,3.3067,1.3805,1.0549,1.1199,2.0782,7.5733,0.6829,0.5376,1.1646,0.7472,1.0456,2.5408,0.4964,0.4566,0.5617,0.5252,0.7818,0.7034,0.8083,0,0.0415,0.0341,0.0746,0.0773,0.0103,0,0.003,0.0024,0
85.cdf,0.2842,0.0887,0.0006,0.015,0.009,0.0128,0.0125,0.0033,0.0042,0.0021,0.0031,0.6544,0.0212,0,0.2977,5.2113,16.8524,0.4399,0.2594,2.1954,14.3131,19.3865,2.8276,1.3271,1.0145,1.1601,2.5512,8.1735,0.6484,0.6078,5.0634,1.2239,2.2142,3.2122,0.6305,0.5586,0.6859,0.6192,3.5367,1.9923,1.0781,0,0.2291,0.2224,0.1781,0.1617,0.008,0,0.0054,0.0035,0
86.cdf,0.1676,0.0356,0.002,0.0256,0.0163,0.1104,0.1098,0.0054,0.0065,0.0044,0.0096,0.6797,0.0368,0,0.2733,5.2921,22.8373,0.4422,0.1485,1.6091,10.7234,27.0331,3.0121,1.3037,0.9822,1.2323,3.4842,8.154,0.7098,0.5727,1.1809,0.879,1.6036,2.613,0.5228,0.4766,0.589,0.5351,0.7861,0.7989,0.74,0,0.0501,0.0437,0.0728,0.0754,0.0091,0,0.0018,0.0012,0.0016
87.cdf,0.2817,0.0353,0,0.0226,0.0068,0.0085,0.0081,0.0027,0.0033,0.0018,0.0034,0.3256,0.0268,0,0.166,5.053,21.3741,0.4081,0.1667,1.4555,12.8209,28.5846,3.2253,1.35,1.0316,1.124,3.0378,7.3537,0.6872,0.5382,1.4234,0.8472,1.5279,2.3268,0.5088,0.4672,0.5803,0.5295,0.9047,0.8119,0.7064,0,0.0464,0.0385,0.0795,0.0732,0.0133,0,0.0041,0.0036,0.004
88.cdf,2.3498,0.9131,0.0036,0.0222,0.0039,0.086,0.0847,0.0012,0.0042,0.0009,0,0.1023,0.0126,0,0.0349,0.9447,6.8476,0.15,0.0282,0.2454,6.2946,11.4858,1.3907,0.8444,0.5714,2.2959,7.7078,15.2623,1.0579,1.114,1.767,3.2774,8.6227,8.3342,1.1867,1.0124,1.3541,1.0993,1.601,8.1217,2.2919,0,0.3437,0.3348,0.4801,0.2838,0.0182,0,0.006,0.005,0
89.cdf,1.0639,0.2205,0.0087,0.0272,0.02,0.0207,0.0155,0.0115,0.0096,0.0097,0.0088,0.373,0.0302,0,0.1162,6.6926,14.2411,0.2946,0.2695,0.6132,21.7484,15.343,2.2204,0.9184,0.67,3.9022,7.1064,6.9773,0.7532,0.5647,1.0454,2.1681,2.9104,2.7021,0.6076,0.5665,0.6998,0.6085,0.806,2.3018,0.8294,0.0264,0.0986,0.0918,0.1666,0.098,0.0224,0.0001,0,0,0
9.cdf,0.6277,0.1241,0.0027,0.0156,0.0175,0.0041,0.0038,0.0056,0.0075,0.0029,0.0054,1.1322,0.031,0,0.5306,5.1427,13.9041,0.5369,0.2944,2.4,11.9482,15.0342,2.7169,1.4293,1.055,1.7613,4.1175,8.757,0.7443,0.7145,6.6154,2.0012,3.6182,2.8463,0.7267,0.6398,0.8052,0.6791,4.2045,3.0042,0.7159,0,0.2958,0.3275,0.2302,0.165,0.0258,0,0.016,0.0133,0.0032
90.cdf,0.4055,0.0656,0.0011,0.0185,0.005,0.0063,0.0057,0.0014,0.0039,0.0017,0,0.2155,0.0177,0,0.1135,4.0846,17.006,0.3562,0.2618,1.8021,15.9958,23.2441,3.1484,1.5445,1.112,1.7866,2.6538,9.7773,0.7632,0.679,2.3267,1.4471,1.6052,2.9509,0.5673,0.5152,0.6495,0.5702,1.253,1.7128,0.8319,0,0.1113,0.1144,0.1478,0.1102,0.0055,0,0.0032,0.0011,0
91.cdf,0.4681,0.0937,0.0012,0.0158,0.0046,0.0044,0.0041,0.0015,0.0039,0.0015,0.0003,0.1909,0.0135,0,0.0904,2.2379,13.5059,0.2623,0.1243,1.0184,10.4606,18.4307,2.3279,1.3818,0.9509,2.4264,4.8251,14.0236,0.9593,0.9174,3.1233,3.0159,4.2961,4.2385,0.7949,0.6989,0.912,0.74,1.8444,3.8655,0.9364,0,0.2047,0.2113,0.2078,0.1443,0.0125,0,0.0052,0.0018,0
92.cdf,0.1363,0.0214,0.0019,0.0231,0.0057,0.0497,0.0491,0.0023,0.0058,0.0023,0,0.1625,0.0213,0,0.0936,3.3659,16.5767,0.3064,0.2274,1.6499,15.6358,26.7082,3.3167,1.6126,1.1715,1.5736,2.3475,10.2086,0.789,0.6867,1.8219,1.255,1.3714,2.895,0.5587,0.5072,0.6384,0.566,1.0532,1.3905,0.7826,0,0.0861,0.0845,0.1269,0.0976,0.0084,0,0.0037,0.0013,0
93.cdf,0.435,0.0704,0.0011,0.0198,0.0054,0.0309,0.0303,0.0018,0.0045,0.002,0,0.1523,0.0181,0,0.0779,4.5155,15.3881,0.3121,0.3686,1.5457,20.5707,24.0563,3.3008,1.4877,1.1074,2.056,3.0613,7.8854,0.7187,0.5869,2.0383,1.3266,1.4909,2.0036,0.4988,0.4571,0.5797,0.5033,1.1149,1.2947,0.5339,0.0016,0.0772,0.0773,0.1007,0.0736,0.0119,0,0.004,0.0014,0
QB_hd.cdf,0.3211,0.08,0.0168,0.0327,0.1056,0.0043,0.0031,0.0315,0.0209,0.0287,0.0655,2.542,0.2333,0.0023,1.4818,6.5592,8.5129,0.0993,1.7729,5.1102,8.6848,9.8136,1.3416,2.9891,0.7161,4.2474,5.6578,7.5719,0.4064,1.1454,1.247,3.7045,4.5637,6.6734,0.3295,0.2856,0.5559,0.6344,1.1643,5.5013,3.9457,0.0207,0.1214,0.1237,1.0211,0.3727,0.0514,0.0068,0.0171,0.0174,0.0439
QD_hd.cdf,0.1274,0.026,0.0143,0.0337,0.0361,0.0059,0.0047,0.0237,0.0251,0.0193,0.0248,1.3869,0.0915,0,0.7599,6.5126,9.6694,0.0838,1.2069,4.2181,9.9137,11.7526,1.0681,1.9479,0.574,4.7653,5.1671,9.0005,0.402,0.6557,1.7532,4.1111,4.3153,7.0994,0.3468,0.3007,0.5434,0.504,1.6095,6.4,2.5993,0.0411,0.1069,0.1009,0.3554,0.1493,0.0506,0.0076,0.0131,0.0111,0.0643
QE_hd.cdf,0.2547,0.0409,0.0141,0.0315,0.0434,0.0044,0.0024,0.0342,0.0334,0.0358,0.0573,1.5611,0.1294,0.0006,0.8813,5.6489,8.7874,0.0885,0.9673,4.4601,8.9016,10.636,1.1106,2.405,0.616,4.7057,6.457,8.1599,0.414,0.8237,1.5587,4.4291,5.8438,6.6171,0.3399,0.2964,0.6075,0.5644,1.5292,7.0792,2.8252,0.0397,0.1193,0.1302,0.4008,0.1669,0.0503,0.0072,0.022,0.0116,0.0552
QB_ABD_REINJ_4x.cdf,0.0084,0.0089,0.0048,0.0156,0.0622,0.0016,0.0004,0.0128,0.0171,0.0129,0.0336,3.5451,0.1071,0.0013,1.6303,9.7591,12.9332,0.6733,0.9511,4.7556,12.8325,12.4599,2.4178,1.2818,0.9819,1.7802,3.4543,7.029,0.5767,0.5727,7.149,1.5755,3.0851,2.5712,0.6129,0.5365,0.643,0.5581,2.2598,1.7712,0.6356,0,0.1889,0.1938,0.1275,0.1072,0.0415,0,0.0068,0.0107,0.0046
QD_ABD_REINJ_4x.cdf,0.0061,0.005,0.0037,0.0103,0.0757,0.0008,0.0003,0.0171,0.0241,0.0036,0.0095,3.7997,0.0564,0.0019,2.5796,6.5088,9.3378,0.6177,1.2563,5.3822,9.5542,9.1306,2.4108,1.6583,1.1516,2.9865,5.0439,6.2727,0.5983,0.6975,6.7614,2.5593,4.3871,3.969,0.6508,0.5579,0.732,0.6294,3.5008,4.5031,1.2335,0,0.2844,0.3273,0.2939,0.1853,0.1372,0,0.0144,0.0378,0.0344
QE_ABD_REINJ_4x.cdf,0.0089,0.0084,0.0063,0.0147,0.0664,0.0009,0.0003,0.0192,0.0196,0.0075,0.0214,3.4525,0.0568,0.0004,2.0639,5.9286,9.6596,0.4445,0.7838,4.7966,9.5664,9.7153,1.9677,1.6199,1.0808,2.7556,5.3764,6.8837,0.5569,0.6825,7.3981,2.6459,4.9841,4.3077,0.6457,0.5503,0.727,0.6341,3.7131,4.4467,1.2818,0.0001,0.2711,0.2929,0.2554,0.1661,0.0648,0,0.0125,0.0173,0.0194
