"ID","Carvone","Hexadecanal","Methyl.Hexadecanoate","Ethyl.Hexadecanoate","Octadecenal","Methyl.Octadecenoate","Heneicosane","Ethyl.Octadecenoate","Ethyl.Octadecanoate","Docosane","Tricosene","Tricosane","Decanoic.Acid..Dodecyl.Ester","Tetracosane","Pentacosene","Pentacosane","Methyl.Tetradecanoate","Ethyl.Tetradecanoate","Hexadecenal","Heneicosene","Hexacosene","Hexacosane","Heptacosene","Heptacosane","Octacosane","Decanoic.acid..Hexadecyl.Ester","Octacosene","Tetracosyl.Acetate","Nonacosene","Nonacosane","Unknown1..mz.108.79..mw.402","Hexacosyl.Acetate","Triacontene","Hexadecenoic.Acid..Dodecyl.Ester","Octadecenoic.Acid..Decyl.Ester","Hentriacontene","Hentriacontane","Eicosenoic.Acid..Decyl.Ester","Tritriacontene","Tritriacontane","Unknown2..mz434.390..mw..","Octadecenoic.Acid..Hexadecyl.Ester","Unknown3..mz.464.338.265.201.127..mw..","Hexadecenoic.acid..Hexadecyl.Ester","Hexadecenoic.acid..Octadecenyl.Ester","Octadecenoic.Acid..Hexadecenyl.Ester","Octanoic.Acid","Octanoic.Acid..Ethyl.Ester","File_ID.x","treatment","colony_of_origin","HEAD.or.ABDOMEN"
1,0.184006474,0.201198317,0.010188141,0.009611399,0.061811498,0.171454668,3.065458906,0.161928013,0.017856927,0.735990289,7.300266223,10.10261685,1.023604848,1.045999092,8.018072007,8.83677124,0.005182001,0.009342906,0.022876857,0.05241722,0.636312352,0.518679167,4.305039497,4.800233112,0.394423361,0.024431496,0.151068238,0.786629114,2.010863481,2.27945235,0.519619634,0.506184039,0.055675686,0.135610624,0.152018699,1.298186413,1.310556361,1.144305607,0.147655072,0.082876504,0.014544819,0.14090461,0.025155959,0.167355133,0.013909475,0.082528914,0.040310371,0.000438013,"23_2","iso","comte","ABDOMEN"
10,0.134115927,0.466439039,3.579114451,4.689111563,1.53865012,2.82267295,4.555118257,4.741293677,0.5259709,1.326500114,7.918064294,10.55399678,2.26947037,2.687285845,8.696573266,9.838796929,0.798826334,0.959098165,0.059345388,0.112837994,1.117393548,2.096417564,6.429498141,8.563940356,1.039695588,0.062336007,0.352854352,2.506258276,5.868737922,7.976384176,0.916456786,3.221926024,0.09608244,0.243308578,0.554990648,5.770415194,6.412689716,1.766257423,0.437509252,0.225785757,0.052461305,0.344514648,0.017017748,0.567957395,0.05833706,0.654496952,0.001333121,0.02951097,"32_2","group","comte","ABDOMEN"
11,0.489687065,0.087307284,0.017894113,0.105157612,0.343536048,0.127597133,6.104568514,1.690351978,0.120281923,2.508183267,8.242735544,11.66099084,2.578845796,4.125827182,8.922532872,10.56468027,0.009311379,0.029581995,0.02820879,0.122278825,1.226775992,2.777349548,6.695414532,8.84840699,1.38804995,0.018665615,0.430239355,7.158473589,6.463161223,8.584989738,0.784369068,6.736122096,0.146072405,0.171518151,0.850673155,6.875915448,7.982305513,1.119303724,0.807754648,0.490447613,0.286050977,0.069159378,0.026993271,0.30313193,0.180535858,0.194245274,0.007423279,0.013026059,"33_2","group","comte","ABDOMEN"
12,2.660328508,0.477573435,0.024074025,0.039198606,0.086685872,0.136070393,6.064633521,1.034065323,0.04632615,2.670681431,9.527115105,11.19803808,4.67234766,3.763803555,9.258211267,9.453006875,0.012631887,0.022825365,0.077961019,0.37793898,2.305220992,2.140681301,6.525508427,7.269563174,0.883676548,0.225181421,0.58891466,2.028359895,5.693884904,6.218834435,1.340235855,1.361268938,0.280524991,0.803650491,0.436970777,4.918599008,3.918755162,1.376248593,0.300056489,0.121927726,0.032288921,0.11999723,0.090932981,0.362673122,0.036031948,0.131174239,0.06566429,0,"34_2","iso","comte","ABDOMEN"
13,0.041689833,0.184272017,0.008374829,0.071218821,0.244193349,0.036401458,1.193802615,0.32642058,0.050897966,0.222318522,5.587710955,8.106668307,0.582983693,0.78281297,8.398249869,8.337125855,0.005688151,0.013962793,0.020433332,0.080698266,0.550797317,0.901343398,7.453553987,7.30823813,0.560263909,0.026998036,0.261664081,0.628084383,6.40960249,6.41149922,0.671825397,0.717392945,0.061413551,0.108853939,0.278168005,4.223016709,4.354890844,1.253102072,0.191107155,0.106700988,0.022082333,0.23127137,0.013812802,0.155276668,0.0255437,0.133962152,0.001192392,0.007385762,"35_2","group","manchego","ABDOMEN"
14,0.148943904,0.690574117,0.011939506,0.195254856,0.360424319,0.063622177,2.992705419,1.303224031,0.091425928,0.784758309,8.69708756,9.740516041,2.143374017,1.884775295,9.454991285,9.305654432,0.006303222,0.025755475,0.025111796,0.330139341,1.256022259,1.428867924,8.213837512,7.505065169,0.821716534,0.148997076,0.467146924,1.736861121,7.638795564,6.740439227,0.70569443,1.184210447,0.253443362,0.416698105,0.958828771,5.958774161,5.56185382,4.130423401,0.397228142,0.19769218,0.030630465,0.760522625,0.492439291,0.291313067,0.020624891,0.202054511,0.01188504,0.200670175,"36_2","group","manchego","ABDOMEN"
15,0.050487471,0.222700989,0.020933549,0.077639757,0.2195949,0.059189171,2.659717715,0.492833481,0.058441738,0.644385251,7.471221454,9.557663405,1.342639402,1.833851111,9.12512485,9.444503277,0.007262019,0.018654223,0.023120435,0.171662739,1.015336391,1.713538354,7.987581846,7.997268255,0.922759922,0.063817614,0.429372387,1.564621019,7.627250024,7.380243194,0.917816556,1.239823561,0.159860651,0.170115763,0.564300117,6.121857073,6.139082386,1.893698018,0.347719997,0.199040754,0.063937614,0.351030385,0.029897777,0.201963209,0.043402452,0.09388361,0.002358158,0.009672953,"37_2","group","manchego","ABDOMEN"
16,0.01497949,0.454837004,0.016618489,0.068596728,0.333661238,0.065300826,3.350153107,0.821351253,0.050512971,0.937316147,8.003199715,9.958599051,1.748653907,2.172452687,9.085020323,9.491754749,0.00656692,0.015459872,0.024121871,0.212512548,0.943791246,1.566133805,7.662110611,7.728712416,0.881805723,0.079744874,0.337691623,4.653393111,6.892847277,7.317957659,0.74705114,4.783017202,0.158735583,0.279810441,0.595208862,6.035617902,6.610481907,3.203182307,0.481345243,0.312445366,0.202560408,0.593600369,0.122656161,0.28130756,0.103698956,0.116960626,0.002098367,0.027823188,"38_2","group","manchego","ABDOMEN"
17,0.537424376,0.065761397,0.021875858,0.026433319,0.06207855,0.096354043,3.04232525,0.552538232,0.054647503,1.556271176,9.109760901,11.1976888,4.331340338,4.756142444,9.89504383,10.66202299,0.010162081,0.016928785,0.031869099,0.160894224,2.280629785,3.153024517,7.937573205,7.977463503,1.295750811,0.054432108,0.785975075,9.160965835,7.990515451,7.238655045,1.660336619,9.082133145,0.247350859,0.141981357,0.5635507,7.543544965,6.263034659,1.227786919,0.865100307,0.321465911,0.93227262,0.046058764,0.040402334,0.271752503,0.204668933,0.086521214,0.025145925,0.000711296,"39_2","iso","manchego","ABDOMEN"
18,0.014497872,0.062545153,0.01598755,0.016531558,0.061623844,0.049934361,1.546212597,0.267310363,0.016904336,0.500896555,7.128243065,9.877608184,1.946207152,2.940182629,8.951043256,9.971717378,0.007958592,0.014046078,0.029577304,0.07560863,1.111706567,1.914516742,6.886787184,7.915444322,0.794901695,0.050728644,0.296566007,1.581879288,5.422340537,7.18327193,0.777269408,2.233501599,0.084700188,0.127001564,0.164436221,4.177296278,5.112020376,0.963596791,0.217668663,0.15613927,0.011050469,0.057540282,0.009626225,0.143443198,0.012835486,0.114196998,0.100216636,0.006687035,"40_2","group","manchego","ABDOMEN"
19,0.013004449,3.330586272,0.025829127,0.04017878,1.373203998,0.21091978,5.784048662,2.973639407,0.106668665,2.564722709,10.35644537,11.58221487,6.029285962,4.381291727,9.99613191,10.23913731,0.009218535,0.021819031,0.428242543,0.811462446,3.880225633,2.248826421,8.136798481,7.332060463,1.22711224,1.533549429,0.782023867,2.806097129,7.883998641,6.993558282,1.034016727,2.888734809,1.986627435,3.259654479,1.53781694,7.501501295,6.955776348,7.293935269,1.191046909,0.545101991,0.064521766,3.484852589,0.149571701,2.034106878,0.044337316,1.434579892,1.329391565,0.017301381,"41_2","group","manchego","ABDOMEN"
2,0.72141434,0.458265135,0.011832355,0.128769829,0.07378875,0.069978657,1.28974041,1.458804218,0.079766335,0.541801143,8.080482155,9.749716362,3.210623175,2.326033042,8.895124761,10.06464999,0.007254296,0.015922348,0.064130359,0.051014929,1.642614912,1.05660061,5.435096376,6.745540339,0.630837778,0.23440222,0.21238507,3.777905612,3.55591446,5.052581086,0.576859234,3.497738133,0.431507351,0.812695966,0.340154278,3.551775499,4.152402228,3.048427232,0.380945396,0.219847379,0.050175033,0.713675141,0.282882025,0.668215249,0.029113297,0.275000563,0.180803304,0.034005753,"24_2","group","comte","ABDOMEN"
21,0.011685906,2.202431593,0.012496321,0.146060709,0.974885463,0.121218465,5.106726379,2.584007412,0.047658249,2.195980489,9.638843285,11.6938274,5.260211234,4.392383019,9.705097026,10.64968371,0.005726102,0.015737991,0.303064353,0.240214965,3.023698836,2.691610073,7.834687889,8.268826778,1.332704325,0.64695129,0.712870604,1.982504194,7.446456162,7.872399063,1.064857762,2.147149569,0.825075982,1.920752399,0.852707521,7.180872737,7.437118967,5.653110548,0.915906532,0.451646603,0.030746184,1.227285797,0.225712392,0.957651359,0.017333703,0.616451829,0.305211842,0.427599185,"43_2","group","manchego","ABDOMEN"
22,0.140479563,0.26941872,0.01930507,0.020925748,0.377723332,0.114866632,3.246603574,0.635228029,0.0509456,0.698275352,8.588041542,9.439133562,2.372202295,1.496868173,9.387403999,8.904592737,0.009285238,0.017018492,0.033168645,0.382488858,1.77504644,1.500669583,8.000621501,7.296941918,0.905541414,0.341344025,0.695279505,0.488605825,8.039529266,6.350280674,1.776224835,0.684149947,0.545140598,0.629662225,1.874536748,6.412414818,5.062868427,4.893351153,0.393489437,0.152622118,0.007827463,1.184714452,0.324261424,0.422531118,0.008010356,0.204169165,0.702079758,0.006346589,"44_2","iso","manchego","ABDOMEN"
23,0.140428351,0.140113461,0.011660016,0.144250207,0.072567861,0.059643733,1.410408008,0.832089714,0.138152298,0.479716133,6.435078205,9.300790302,0.836912546,1.807549028,8.496749291,9.336710974,0.007824341,0.026791529,0.025562475,0.105618219,0.529846341,1.404229338,6.466798434,7.842455938,0.691017594,0.024115065,0.152257983,2.743556361,4.520400395,7.374968696,0.43469991,1.92324548,0.079404298,0.082619186,0.479132499,3.393266858,5.772091961,0.750627079,0.169396831,0.168951764,0.040116714,0.070388452,0.024755674,0.109682169,0.033620154,0.049288314,0.015306969,0.01460214,"45_2","group","manchego","ABDOMEN"
24,0.01490034,0.433946271,0.013555268,0.299092547,0.208931446,0.069842375,0.743180525,1.079530614,0.305110575,0.237991029,6.092483452,8.060377102,0.878769706,0.937499128,8.445005093,8.502145221,0.00683834,0.025312078,0.025083365,0.098290684,0.587678871,0.91277715,6.637782092,7.229890326,0.550372105,0.085328662,0.172852183,0.880195782,4.711300418,6.147711172,0.51197749,0.671797397,0.089354269,0.158676829,0.29056504,2.608655683,3.719091924,2.19767409,0.140463362,0.088375852,0.008999963,0.424171513,0.034769577,0.158585816,0.008358992,0.084379232,0.010972491,0.019993435,"46_2","group","manchego","ABDOMEN"
25,0.136725739,0.352669692,0.01089264,0.199747606,0.139183781,0.053391955,1.839400708,0.705289215,0.129309725,0.441721734,6.79597622,9.280045692,1.028939149,1.482790013,8.854422099,9.262422021,0.006211572,0.020356944,0.023247617,0.101552903,0.73962769,1.479900644,7.743210308,7.916163099,0.770726607,0.045801704,0.273846601,1.78848727,6.70123085,7.070434728,0.541939402,1.263920304,0.086904429,0.160779565,0.345087013,4.778611423,4.683926988,1.744736094,0.205120266,0.108767805,0.061581072,0.237600829,0.032571589,0.161227544,0.042338269,0.081997318,0.003093224,0.015679311,"47_2","group","manchego","ABDOMEN"
26,0.222812511,0.366329044,0.022026551,0.180940924,0.109884158,0.087066945,3.517893864,0.674011149,0.192405228,1.205986497,7.983063533,10.89682324,1.910381213,3.318907305,9.33452053,10.27301255,0.007825708,0.03037457,0.027769459,0.151183298,1.15018338,2.417331827,8.061433854,8.370903281,1.178110257,0.03539549,0.426723479,5.644571631,7.554235235,7.904464281,0.643990218,3.179118575,0.103518516,0.12257845,0.27909062,6.05418503,6.705409799,1.475775549,0.324320717,0.220293617,0.158481918,0.193092276,0.029212477,0.205904725,0.152901623,0.116007621,0.008696229,0.00686314,"48_2","group","manchego","ABDOMEN"
27,0.18116355,0.462051414,0.011319365,0.014072962,0.087215765,0.06738792,3.207455698,0.45253726,0.022432878,0.572403652,7.71508909,8.781098213,1.660121572,1.011713551,8.763313631,8.276296243,0.006345426,0.013250914,0.025219371,0.33007892,1.09694204,0.861100969,7.091040815,6.707389296,0.541250626,0.399226405,0.281842318,0.486477164,5.139318433,4.365992507,1.045706499,1.542654075,0.549860397,0.823321722,1.373369391,2.527150198,1.980594094,5.897765914,0.165366945,0.061710036,0.005157825,2.041356309,0.265314795,0.389563599,0.003172244,0.127848663,0.004133039,0.000456493,"49_2","iso","manchego","ABDOMEN"
28,0.257159141,0.266939718,0.013784808,0.047651714,0.051403058,0.113661505,5.687608793,1.474443353,0.062434363,3.65160851,8.425103085,12.46479297,3.075967746,6.011833992,8.601107138,11.28670632,0.00764267,0.018245885,0.032907428,0.073221269,1.060842561,3.245568612,5.59207752,8.67289913,1.401598323,0.095914944,0.205511019,9.054534069,4.611933558,8.416467122,0.601800012,9.079131288,0.15581334,0.130102234,0.291568048,4.771897299,7.644436624,1.061450942,0.42382529,0.461778537,0.876328402,0.102506457,0.204199655,0.274273281,0.391102369,0.093192408,0.009616839,0.012045422,"50_2","group","ec","ABDOMEN"
29,0.120214233,0.237705389,0.011450805,0.169232216,0.072845313,0.071249735,3.989070008,1.402832848,0.070249066,2.18510919,8.402732244,11.27361476,2.935144683,4.484971168,8.547113122,10.4129849,0.007730715,0.0231518,0.04694573,0.069521177,1.020348799,1.830934641,5.279621718,7.879076281,0.794950917,0.161837991,0.176549482,6.31632681,3.8037732,7.388244211,0.605711462,6.130348138,0.144624572,0.111257238,0.131615103,3.466682054,5.655536847,0.924977074,0.224594126,0.202500643,0.168739204,0.099025464,0.294488173,0.162537812,0.070604151,0.050775081,0.370262661,0.43526135,"51_2","group","ec","ABDOMEN"
3,0.706353508,0.036881311,0.009157396,0.060693283,0.045142376,0.055334409,1.403986215,1.872491864,0.485380231,0.748151003,7.263663134,10.07051297,1.983673347,3.173043196,8.61526185,10.29665858,0.007860275,0.021912855,0.02590227,0.038059874,0.771051251,1.105297024,4.998804465,7.102568851,0.511180565,0.001938273,0.140106742,7.370788333,3.368541484,5.643500469,0.435188199,6.996482464,0.062972696,0.041381478,0.223841501,3.219252157,4.070900347,0.608295217,0.239043802,0.168670531,0.260590717,0.001054138,0.022280048,0.158788054,0.111793745,0.045990535,0.009408144,0.000797639,"25_2","group","comte","ABDOMEN"
30,1.817213021,0.103552911,0.012941023,0.047469945,0.056807737,0.172747588,7.121936594,1.789909012,0.132314311,4.348412136,10.49110431,12.9348729,5.076123407,5.827484375,9.513976854,11.05474479,0.008198892,0.018779224,0.028203307,0.237643514,1.85382239,3.250221375,6.465948632,8.488577754,1.540947284,0.071480811,0.441155671,8.646187521,6.22950262,8.589086168,1.537858382,7.474419654,0.117601757,0.05133914,0.252944067,7.072322954,8.624330218,0.985099818,1.257650279,0.952090002,0.695345786,0.050783248,0.126694217,0.265733747,0.27363705,0.077571192,0.017780643,0.008526094,"52_2","group","ec","ABDOMEN"
31,0.119182523,0.119307425,0.011887932,0.148090453,0.077180087,0.104794748,5.589046376,2.110171066,0.625983685,3.579264038,9.331741569,12.78389814,4.649483834,6.569363889,9.406613398,11.83018704,0.008235959,0.025193174,0.035362085,0.091683906,1.930289893,3.656014935,6.356723509,8.686983472,1.588455811,0.344903561,0.42051733,8.969293823,5.683013512,8.247100073,1.348943315,8.446368902,0.327296931,0.268676276,0.355565123,5.423065799,7.17369807,2.534113089,0.451639687,0.358574491,1.180330169,0.583950081,0.539594752,0.469313177,0.493853835,0.184956724,0.055403068,0.059209056,"53_2","group","ec","ABDOMEN"
32,0.021776828,0.038024069,0.016779353,0.058969963,0.088354584,0.123480322,5.378135481,0.588725619,0.068144425,2.8561455,8.226815381,11.63962372,2.656244227,4.585783097,8.491722051,10.18514859,0.009371833,0.023378213,0.030412172,0.11056322,0.719003297,1.388526612,5.079064314,7.301280118,0.571211404,0.030729614,0.154581838,7.857136954,3.555409701,6.279390982,0.719307705,7.039188334,0.067104605,0.027321739,0.160079039,3.131474301,3.845653158,0.545511156,0.185162639,0.118908917,0.170282725,0.037618843,0.020094812,0.142478345,0.07228344,0.066145783,0.009113655,0.003934158,"54_2","group","ec","ABDOMEN"
33,0.014199068,0.039735904,0.015930253,0.03281217,0.071156486,0.141732874,6.320609713,1.386343398,0.053299156,3.545399411,10.14585199,12.12902294,4.924262919,5.338092241,9.517718821,10.53472963,0.008262379,0.015161688,0.026137339,0.179900232,1.529998691,1.63059502,6.140911436,7.39988277,0.749025507,0.30050313,0.340562074,8.391536198,5.196929759,6.422538266,1.364567215,7.548869788,0.32702622,0.208584177,0.374155469,4.87841631,4.502171393,2.208448201,0.377528127,0.178634974,0.310580396,0.884284284,0.091749064,0.673053757,0.1511932,0.475582776,0.07303737,0.006482813,"55_2","group","ec","ABDOMEN"
34,0.017898511,0.040685703,0.010666936,0.030787249,0.098410733,0.121146671,6.484441721,1.285778205,0.039126554,3.988506774,9.912814079,12.54762908,4.693073571,5.996073559,9.411591855,10.98450558,0.007423254,0.016544411,0.030158071,0.162374934,1.477133482,1.863338694,5.850957661,7.563336669,0.834103499,0.274640996,0.29791422,8.076790289,4.708506756,6.723926323,1.373668145,7.405655606,0.3084418,0.193729315,0.586469722,4.370132464,4.720486219,2.168729075,0.315854205,0.17529461,0.182875573,0.801039233,0.072150191,0.389879451,0.075443665,0.159905572,0.038897842,0.003610516,"56_2","group","ec","ABDOMEN"
35,0.016070026,0.037431654,0.009787666,0.028313096,0.052592496,0.081352085,4.746698348,0.427296945,0.030143939,2.632926125,8.153459173,11.74534811,2.893599915,5.180235487,8.696890321,10.68146877,0.007038594,0.015745273,0.026376118,0.067940451,0.823903171,1.59492501,5.293070725,7.635981435,0.640187446,0.070503193,0.181467678,7.758427337,3.81528099,6.712018066,0.699939863,7.830926217,0.116686002,0.064596939,0.221347761,3.473468827,4.631946799,0.743786172,0.228294033,0.169146192,0.159229558,0.102255457,0.024072274,0.18928974,0.073739287,0.087538413,0.018854033,0.008831547,"57_2","group","ec","ABDOMEN"
36,0.503025163,0.109675003,0.009862299,0.011997211,0.111097195,0.06201138,3.245548584,0.120624159,0.016011842,0.497539372,7.221891396,8.920543299,1.629056988,1.129925904,8.462161,8.408745683,0.00656506,0.013274853,0.021933825,0.145138681,0.992732748,1.005624893,6.752621351,7.326418345,0.488148836,0.053208558,0.376545704,0.314972075,5.845868653,5.521048374,0.65757412,0.304638629,0.071825502,0.037584902,0.20671862,4.204113354,2.548902482,0.642697705,0.123981667,0.050802455,0.001563394,0.142227455,0.018584175,0.095767878,0.001593407,0.058525169,0.006472555,0.000373086,"58_2","iso","ec","ABDOMEN"
37,0.066349476,0.180934729,0.008457877,0.10584978,0.066989694,0.088408945,4.608027877,1.387012201,0.505638562,1.991603215,8.06332161,11.64393474,2.271656279,3.829439312,8.58792915,10.40899233,0.005978634,0.024920002,0.030533609,0.066775757,0.86525561,2.008666285,5.883786456,8.340171058,0.987131654,0.091474694,0.20479549,5.266838847,5.077299549,8.310210049,0.776342594,4.987664398,0.146145179,0.13055902,0.279996503,5.769084536,8.387504314,1.213250887,0.587228709,0.762048382,0.286812097,0.142214237,0.144864646,0.247460663,0.192021738,0.097253027,0.0156894,0.068757837,"59_2","group","ec","ABDOMEN"
38,0.036885927,0.899581867,0.010592821,0.16515391,0.330600501,0.094575482,5.115784787,2.308442571,1.87158541,2.159703285,8.275756508,11.55858803,2.836044775,3.960698707,8.843243655,10.39799614,0.006272449,0.021919175,0.053798095,0.083516088,1.3484041,2.683395091,6.304118569,8.704807546,1.336706922,0.370091776,0.341551412,6.097992836,5.764540477,8.379968427,1.567316233,5.09644395,0.241005425,0.164180656,0.421439708,5.830421185,7.620305635,1.944746034,0.477090282,0.408057504,0.347058886,0.568070774,0.624641375,0.317004666,0.218781844,0.144586426,0.001484515,0.018585413,"60_2","group","ec","ABDOMEN"
39,0.084062307,1.265492391,0.013006249,0.111523483,1.098097341,0.109725445,6.159761397,1.949641598,0.077803459,3.020537696,9.815321291,11.97572225,4.451178269,4.93323759,9.362512768,10.8332746,0.007453314,0.022837971,0.117722223,0.223716017,2.004170434,3.156665296,6.639047545,8.749414801,1.621918893,0.725578449,0.57849727,8.638137643,6.614846613,8.552937791,2.061677581,8.399038152,0.56781281,0.293501241,1.002458613,6.907284964,8.279458423,3.147154155,0.842109849,0.596383198,0.887898419,1.915752318,1.206454545,0.781894926,0.425190862,0.442856263,0.006316276,0.039234875,"61_2","group","ec","ABDOMEN"
4,0.890714252,0.670530534,0.010944058,0.08796916,0.120438431,0.08959721,2.936518999,2.32784723,0.541494805,1.515351655,8.415042305,11.14757974,3.378101579,4.185944074,8.984944653,10.57858457,0.007762043,0.023503646,0.058609558,0.059986144,1.479304522,1.786515986,5.832783937,7.648008158,0.863075678,0.171603867,0.256628215,8.076658367,4.650979186,6.761213767,0.840476619,7.49520848,0.246996807,0.698213744,0.259052795,4.506046426,5.601180076,2.281962669,0.425146255,0.283064457,0.434558328,0.257504627,0.144850818,0.50978945,0.247234315,0.173082333,0.035230301,0.013557468,"26_2","group","comte","ABDOMEN"
40,0.08166716,0.798950114,0.014453332,0.121317846,0.304848733,0.07484594,4.198763913,0.882927868,0.073603553,1.074133918,7.733272771,9.776794739,2.034980261,1.647572084,8.331678379,8.661593211,0.00931049,0.030866468,0.048574055,0.144064949,0.904221775,1.116716955,5.820357994,7.364191695,0.581652298,0.264372385,0.242394766,1.691354697,4.72703548,6.38724634,1.08577421,1.145139382,0.42546847,0.22810559,0.674769011,4.679323828,4.233938896,2.05742263,0.284055014,0.125056082,0.029654295,0.641904455,0.234459797,0.247931808,0.019578441,0.080982416,0.057049492,0.036322981,"62_2","group","ec","ABDOMEN"
41,0.596134352,0.144804983,0.011718928,0.012576861,0.180836819,0.047849631,2.282017379,0.093597471,0.015557601,0.255905829,6.643086408,7.920000312,1.049763551,0.618846055,8.14154363,7.69298236,0.006851951,0.014405987,0.026063228,0.169240284,0.810247334,0.597866909,6.480820711,6.50702134,0.350608442,0.022057599,0.295328167,0.237447476,5.387516279,3.752937191,1.311301285,0.269858804,0.123037579,0.126565302,0.258163684,3.330453121,1.542801613,1.449557799,0.099319221,0.026317823,0.002849777,0.376698323,0.007082719,0.206709771,0,0.158209648,0.003852636,0.000433538,"63_2","iso","ec","ABDOMEN"
42,0.095180282,0.69337269,0.01109459,0.015229857,0.515070796,0.110519748,6.170467155,0.434642622,0.018066818,1.117371387,8.670968375,9.752838728,2.627938424,1.378586542,9.088880656,8.589259878,0.006577794,0.013585501,0.042227192,0.537052168,1.372302423,1.024567779,6.809278442,7.162087466,0.567537052,0.279773107,0.438772321,0.378391697,6.081779091,5.150657466,1.597759544,0.436674672,0.514561749,0.588655302,1.109809659,4.709479248,2.565285492,4.171099876,0.208949249,0.062880469,0.009793812,2.195382656,0.164887489,0.693508444,0.003310346,0.503798661,0.006184034,0.000459115,"64_2","iso","ec","ABDOMEN"
43,0.180739353,1.298004699,0.01472492,0.074067971,0.188499041,0.075393885,3.856308073,2.417763733,0.072914858,1.638113825,9.145583939,10.84699012,4.569016131,3.195107082,9.351480025,9.615213325,0.008773345,0.019353607,0.156254132,0.116262924,2.472685399,1.411354089,6.259546461,7.273776807,0.725095122,0.523344809,0.357381927,4.540093758,5.256301689,6.567497443,0.844118098,3.818169539,1.064735698,2.416322875,1.24642345,5.861553444,5.701446262,4.016880349,0.605919562,0.315414604,0.099379947,0.553523649,0.607353678,0.620916117,0.058847278,0.11333518,0.179891598,0.034529544,"65_2","group","comte","ABDOMEN"
44,1.233086374,0.075516802,0.020616399,0.23589262,0.078074359,0.108212571,3.053643519,1.576080723,0.509922553,1.40626858,7.999040341,10.9902782,3.066245212,4.19666738,9.136815555,10.32233001,0.012267896,0.037137567,0.044055687,0.105132313,1.389299594,2.097277623,6.220770646,7.904513842,0.823991156,0.069523788,0.311325848,5.920901218,5.184084399,7.178483414,0.702080414,5.037775848,0.11020363,0.133483648,0.209828443,4.765939647,5.215682886,0.867634364,0.297097592,0.187117742,0.162407758,0.0554178,0.043473297,0.183055098,0.117524231,0.06618654,0.075220264,0.030187304,"66_2","group","comte","ABDOMEN"
45,0.244339362,0.037396222,0.007692916,0.013542901,0.023734471,0.026173849,0.4683533,0.057265968,0.013263998,0.076304637,3.782413483,5.776353606,0.231076515,0.201238066,5.781856769,5.788150438,0.00642243,0.015578286,0.020432287,0.032500997,0.151196005,0.149127383,2.353323153,2.783857591,0.126435939,0.002276703,0.043166293,0.125947835,0.736141915,0.837840529,0.307916811,0.130711502,0.02369279,0.008508477,0.037980847,0.377945485,0.296986733,0.182323871,0.011589116,0.006662383,0.00221949,0.001763401,0,0.011303163,0.002348905,0.010339336,0.003545898,0.000720803,"67_2","group","comte","ABDOMEN"
46,0.12371089,0.251789587,0.008236002,0.027420118,0.044972056,0.066356095,2.622964496,0.553655411,0.048513618,1.058356273,7.362583899,10.72770048,1.83846226,2.914420107,8.409670582,9.899607825,0.005796566,0.014242547,0.032722952,0.039588784,0.742389356,1.177860024,5.463236941,7.539139771,0.520857214,0.030419257,0.131505898,4.535159763,3.905861845,6.614566654,0.473703174,3.925590458,0.057059208,0.156718992,0.084084894,4.033478146,5.121677048,0.726127446,0.264147788,0.201262284,0.069650046,0.028995085,0.025794501,0.135931364,0.043810843,0.03577303,0.017363528,0.004317334,"68_2","group","comte","ABDOMEN"
47,0.33044466,0.147180887,0.012329765,0.013950987,0.107985692,0.051619194,1.586803441,0.074968402,0.016680513,0.17575078,5.241059094,7.664835282,0.392486445,0.613217214,6.635677961,8.068208708,0.008697049,0.015895871,0.03269188,0.087423335,0.317950567,0.526096831,4.602109206,6.932212734,0.300421646,0.014561432,0.081569331,0.359842795,2.307422806,3.748825219,0.686682797,1.045400436,0.028084583,0.087861255,0.089733321,0.983536241,0.877657507,0.660752805,0.043549272,0.020023222,0.003861441,0.100168174,0.003805284,0.10401472,0.001869045,0.09523119,0.00806026,0,"69_2","iso","comte","ABDOMEN"
48,0.795246458,0.162297518,0.008453315,0.010249934,0.115924485,0.049685768,1.769295787,0.084140876,0.013112334,0.195494043,6.008032242,7.884111708,0.569638582,0.654662126,7.273383143,8.262929212,0.006288298,0.012529808,0.029398506,0.103455776,0.430740002,0.607860931,5.404170639,7.118387942,0.352282742,0.02662499,0.115722986,0.425104095,3.091551485,3.916702573,0.730233467,2.020529946,0.054115905,0.192819033,0.251652131,1.565690482,1.114085158,0.951472092,0.066951841,0.022877022,0.003229146,0.194485964,0.020308021,0.169788854,0.002454525,0.0941442,0.007007127,0.000279613,"70_2","iso","comte","ABDOMEN"
49,0.117611955,0.41351416,0.014088897,0.119420371,0.178388449,0.068800319,1.349805802,0.560798845,0.082424578,0.333520901,6.999753707,8.935119634,1.09457478,1.242161144,9.055641883,9.272684433,0.007559274,0.020559777,0.030932205,0.145875263,0.832276535,1.328273696,7.943165814,7.921481762,0.758727299,0.068043411,0.274408549,1.350602126,6.624892284,6.866587081,0.540860425,1.065020148,0.109642714,0.228296728,0.423421723,4.155867766,4.673188351,2.046583492,0.198955476,0.109282391,0.036038559,0.340557496,0.032620356,0.202703829,0.036726214,0.097693997,0.046125586,0.025088054,"71_2","group","manchego","ABDOMEN"
5,0.382031951,0.433731661,0.011370684,0.101567995,0.077055066,0.05444512,1.569633073,1.690078219,0.563368378,0.585830829,7.084243165,9.553264518,1.932235208,2.017387615,8.066462643,9.191016743,0.007944953,0.024235634,0.066564641,0.056670899,0.971522822,1.040362595,4.897716823,7.026004361,0.531851044,0.154463062,0.154481599,3.99799086,3.170106902,5.996841981,0.685749563,3.328359205,0.192210811,0.465877717,0.203399282,3.18189321,4.451063169,1.369709973,0.268304065,0.195264589,0.094382804,0.191817762,0.124238332,0.29480125,0.067827354,0.05902528,0.061168746,0.028507395,"27_2","group","comte","ABDOMEN"
50,0.157432007,0.526161582,0.01181121,0.057253042,0.133334779,0.054471484,1.319531897,0.566604297,0.050548253,0.363376462,6.952478476,8.941547214,1.04016097,1.195557168,8.902075695,8.959801413,0.00751074,0.02290526,0.028616428,0.174036199,0.647305009,0.894582534,6.95604744,7.077883104,0.548164607,0.081530576,0.186788606,2.873654344,5.285845576,6.222023157,0.418512277,1.80771982,0.13299963,0.21401318,0.430763713,3.343900298,4.798224996,2.933083148,0.200036293,0.144442612,0.059544179,0.496229939,0.069275718,0.206320969,0.037633116,0.088764672,0.047650481,0.062601105,"72_2","group","manchego","ABDOMEN"
51,0.081942012,0.155724929,0.008521161,0.044065386,0.041294683,0.044404649,1.539115639,0.376051442,0.039136197,0.409622369,7.062012151,9.241200249,1.024865252,1.413834332,8.938890978,9.225687057,0.005879936,0.015391642,0.019661091,0.12411145,0.646801504,1.05850113,7.345652896,7.537097729,0.584838662,0.05956694,0.199677031,3.233576924,5.556916746,6.558894424,0.468986879,1.994651367,0.089444509,0.107479676,0.262633122,3.50617627,4.503765696,1.536060709,0.16914372,0.112289592,0.056610402,0.178867755,0.033887813,0.133509956,0.036436508,0.047045401,0.015968685,0.016369565,"73_2","group","manchego","ABDOMEN"
52,0.22649329,0.176228127,0.009579778,0.059691123,0.046033414,0.052175867,1.775086064,0.35406017,0.05351833,0.511953357,6.934661055,9.589092857,1.094504364,1.637026044,8.919874056,9.492838303,0.006434726,0.017448234,0.022047095,0.102172353,0.69334401,1.236517278,7.603816165,7.747038878,0.694234171,0.045438805,0.225869057,4.14556594,6.315243566,7.137831041,0.392571185,2.553598499,0.089217625,0.143312847,0.205611437,4.972649318,5.933958124,1.935169542,0.296733794,0.208328741,0.099218559,0.154121983,0.026833055,0.179988819,0.054051873,0.066763206,0.021095031,0.012713347,"74_2","group","manchego","ABDOMEN"
53,1.256307328,0.814055789,0.018609828,0.022756871,0.258766583,0.127033714,4.999591779,1.133957127,0.030949246,1.473800761,9.392466847,10.95976678,3.709827447,2.850251092,9.788850841,10.08299421,0.008733354,0.016335242,0.055908358,0.515439335,2.500884275,2.218299481,8.051292487,7.918764112,1.080799015,0.396781426,0.792956523,0.770251591,8.022628377,6.253900862,1.900646729,1.584789434,0.400740861,0.816874536,0.78829525,5.905845486,4.049180225,5.037953982,0.29608471,0.10939162,0.010726795,0.689976787,0.201072106,0.519104708,0.005569583,0.311141445,0.026592291,0.00077361,"75_2","iso","manchego","ABDOMEN"
54,0.111397728,0.21375279,0.011291507,0.100967796,0.063661675,0.051383072,1.813910762,0.577791106,0.085827756,0.551199126,6.94484286,9.805455912,1.391958117,1.833262411,8.887248352,9.480953013,0.007475166,0.021796224,0.02671275,0.069979084,0.966821335,1.409177178,7.230761952,7.768463168,0.652905084,0.061831455,0.291030755,3.774315506,6.030069927,6.412192728,0.476789326,2.672979313,0.143976083,0.141999472,0.354056033,4.916150514,3.688864875,1.145939853,0.209338289,0.08856034,0.143525588,0.108563368,0.021220642,0.154705398,0.111304998,0.057754532,0.078076438,0.129943759,"76_2","group","manchego","ABDOMEN"
55,0.020113643,1.622744486,0.015299314,0.080240911,0.25728014,0.06111954,1.671723943,2.216183675,0.05909378,0.509560962,8.633637342,9.505106505,4.130317901,2.112901996,9.536059476,9.61231256,0.00784007,0.021529962,0.069441789,0.184974253,2.672293854,1.565254979,7.631512761,7.426328852,0.914345341,0.845970331,0.518880945,2.79294182,6.904353003,6.457827909,1.375630066,2.207986012,1.094764041,2.083450539,1.200682925,5.624971285,5.325429147,6.880316689,0.454181618,0.212767421,0.050255946,2.132345493,0.33768834,0.928495364,0.040106255,0.331036372,0.732067059,0.089543761,"77_2","group","manchego","ABDOMEN"
56,0.070374594,0.869690008,0.023246454,0.390120293,0.083171073,0.080858577,1.862090666,2.704646173,0.096955969,0.67873888,8.643453626,9.905674167,4.729754255,2.947826138,9.548744466,9.799198325,0.011065752,0.031040766,0.064615856,0.166894142,3.185563131,1.604806977,6.961499433,7.124232802,0.810120639,1.051091531,0.461398371,3.966157674,5.590062713,5.759534522,1.580834498,2.581969599,1.585451273,1.534090012,0.895853091,4.182259228,3.804413885,5.091251175,0.248318171,0.113881102,0.073148683,0.693255714,0.294022488,0.533460283,0.059842942,0.11187351,1.085252502,0.639895833,"78_2","group","manchego","ABDOMEN"
57,0.082819092,0.111882875,0.013593195,0.081301715,0.038458255,0.051916032,1.330877121,0.540872331,0.053401361,0.465428455,6.295600173,9.828408313,1.534006413,2.733556408,8.841712554,10.08056748,0.008296776,0.029282129,0.026806139,0.068801517,1.145564557,1.755607339,7.066661483,7.937242038,0.723181161,0.08452013,0.306123692,3.279537431,5.689558371,6.818796128,0.96653578,2.386213097,0.167577636,0.154378629,0.179117937,4.351079508,4.556502574,0.985723489,0.199254668,0.121538335,0.048899274,0.039964632,0.020103407,0.13096869,0.039074667,0.037094353,0.014197976,0.010372637,"79_2","group","manchego","ABDOMEN"
58,0.077769339,0.54849207,0.010485489,0.119653488,1.249614806,0.079118635,3.514712441,0.868435967,0.070479815,0.744286576,8.202790429,9.645282912,1.974342279,1.340720774,8.584346547,8.861525676,0.005880122,0.018539964,0.046141482,0.121048345,0.717349192,0.887365046,5.609374312,7.361992721,0.469121178,0.039324682,0.143213962,0.961836949,3.62568772,5.821495479,0.738062101,0.758792793,0.061732738,0.33146328,0.309373627,2.738558539,2.830227396,2.706305798,0.172287912,0.077375827,0.022691098,0.418234381,0.011631765,0.423652887,0.018481857,0.388579814,0.001709782,0.014244294,"80_2","group","comte","ABDOMEN"
59,0.044193212,0.739312229,0.009724143,0.105018849,1.068189352,0.09628766,4.718593781,1.40089367,0.084039732,1.401677291,8.288382257,10.69785736,2.226725896,2.268310023,8.923662934,9.661083925,0.006338039,0.02110671,0.064034323,0.107326935,0.903965073,1.350787765,6.340737809,8.015076151,0.675513159,0.040233669,0.229065498,5.979807773,5.531331066,7.227980166,0.905556535,4.351171692,0.142407777,0.36922158,0.70521795,5.596616774,5.473836917,2.098221362,0.386187385,0.183004726,0.092286644,0.294145928,0.019790808,0.410064225,0.057766944,0.288189033,0.002005393,0.021381173,"81_2","group","comte","ABDOMEN"
6,1.370278901,0.285138025,0.020640654,0.023643146,0.109615068,0.099888812,2.849503066,0.36910509,0.03669985,0.879415762,7.175061968,9.49958462,1.68413124,1.508740498,8.155423231,8.351870221,0.013029611,0.020755196,0.05171726,0.094771578,0.830441035,0.752460275,5.525818052,6.092440191,0.41233755,0.111354919,0.198934598,0.914534295,3.845562629,4.234322357,0.738569709,0.743710516,0.118375731,0.24145206,0.196389891,3.284163497,2.575238123,1.133643268,0.222742082,0.093159746,0.026645324,0.160952091,0.060151569,0.176057643,0.019624567,0.046874788,0.101986295,0,"28_2","iso","comte","ABDOMEN"
60,0.432248977,0.529645458,0.012266895,0.178097264,0.645278148,0.080878801,3.127362407,2.825193702,2.043620573,0.884156705,7.727073141,9.820544374,1.781215141,1.487605701,8.295552025,8.802304842,0.00829989,0.031579752,0.043366012,0.075141843,0.729464914,0.80579455,5.549674987,7.068416477,0.440495732,0.083010472,0.154143693,2.546645249,3.928702494,5.516060284,0.586960618,2.991119285,0.164235399,0.3576373,0.51911056,3.673986425,3.151900088,2.190299134,0.215903562,0.087671576,0.097861791,0.310681086,0.055355337,0.292520652,0.072081323,0.152193729,0.010388576,0.025377764,"82_2","group","comte","ABDOMEN"
61,0.182073949,1.075177816,0.014920333,0.243974962,1.239050731,0.10177829,4.34738654,2.171562981,0.151800023,1.447557309,8.580663381,10.73179798,2.861290036,2.35445242,8.94051798,9.509103001,0.008751969,0.033816375,0.088503268,0.15459718,1.220364019,1.297592952,6.26757829,7.635285097,0.719781271,0.139998176,0.28567745,5.549849053,5.469973204,6.911293043,0.94762661,4.249413401,0.295498741,1.60793803,1.095640872,5.909035804,5.828573145,5.509934581,0.674949731,0.302505319,0.094857818,0.8611983,0.138046098,0.762508771,0.063369172,0.367847912,0.036791109,0.084823277,"83_2","group","comte","ABDOMEN"
7,1.510118878,0.725779788,0.020061376,0.030911952,0.085029399,0.1423934,5.438614295,1.560622972,0.042324563,3.307741157,9.728794873,12.35095085,5.389845673,6.126937899,9.643496979,11.26162185,0.010448332,0.017260231,0.127463665,0.119018389,2.809819701,2.75770843,6.821745333,8.029827942,1.213317024,0.476574532,0.631963962,7.683084179,6.318853625,7.205585211,0.857185753,8.283024121,0.546385538,1.039957234,0.406795504,6.014889685,5.634761427,2.124599287,0.478659142,0.231059097,0.337049362,0.316437077,0.20197912,0.583692968,0.22090391,0.162369033,0.161114346,0.001562186,"29_2","iso","comte","ABDOMEN"
8,0.501245549,0.261768129,0.524282063,1.233792091,0.804413358,0.599113588,4.928842746,2.763313305,0.360826458,1.709400995,7.952561803,11.33756496,2.540711322,3.863324902,9.070782901,10.74684673,0.073252599,0.179282182,0.039514216,0.09633972,1.551865248,3.338323761,7.101080491,9.455026663,1.749352316,0.039627921,0.629234222,4.79846691,7.070646248,8.997544,0.889716439,5.317740115,0.119550582,0.228947191,0.424355011,7.351003129,8.019712828,1.855960892,0.876500211,0.411841986,0.288381763,0.212665637,0.03460026,0.487667603,0.212576136,0.380786093,0.006164592,0.01852024,"30_2","group","comte","ABDOMEN"
9,0.081067282,0.060409661,0.008152209,0.05552566,0.16455926,0.075768786,4.211653881,1.31302815,0.120369825,1.276756684,7.061883285,10.85157008,1.587074508,3.11680607,8.512352415,10.38070036,0.006210211,0.0225436,0.022828743,0.054311901,0.979261035,2.56537286,6.596017708,9.016618885,1.259478491,0.008327722,0.342199776,5.655590802,6.267813207,8.575443169,0.733870438,6.036716232,0.094402988,0.129255536,0.446042514,6.405386868,7.428778302,0.984179602,0.516220108,0.317396785,0.223683071,0.076026861,0.018199525,0.250557585,0.190490247,0.192734479,0.001546424,0.007816616,"31_2","group","comte","ABDOMEN"
