,,,,,,ANNE,,,,,,,,,,,,,,,,,,,,,,,,,,,,,,,,,,,,,,,,,,,,,,,,,,,,,,,,,,,,,,,,,,,,,,,,,,,,,,,,,,,,,,,,,,,,,,,,,,,,,,,,,,,,,,,,,,,,,,,,,,,,,,,,,,,,,,,,,,,,,,,,,,,,,,,,,,,,,,,,,,,,,,,,,,,,,,,,,,,,,,,,,,,,,,,,MASON,,,,,,,,,,,,,,,,,,,,,,,,,,,,,,,,,,,,,,,,,,,,,,,,,,,,,,,,,,,
Compound ID,Compound Class,Avg. RI,Avg. RT,Est. Retention Time (min) (Anne),Est. Retention Time (min) (Mason),10a.cdf,11a.cdf,12a.cdf,13a.cdf,14a.cdf,15a.cdf,16a.cdf,17a.cdf,18a.cdf,19a.cdf,1a.cdf,20a.cdf,21a.cdf,22a.cdf,23a.cdf,24a.cdf,25a.cdf,26a.cdf,27a.cdf,28a.cdf,29a.cdf,2a.cdf,30a.cdf,31a.cdf,32a.cdf,33a.cdf,34a.cdf,35a.cdf,36a.cdf,37a.cdf,38a.cdf,39a.cdf,3a.cdf,40a.cdf,41a.cdf,42a.cdf,43a.cdf,44a.cdf,45a.cdf,46a.cdf,47a.cdf,48a.cdf,49a.cdf,4a.cdf,50a.cdf,51a.cdf,52a.cdf,53a.cdf,54a.cdf,55a.cdf,56a.cdf,57a.cdf,58a.cdf,59a.cdf,5a.cdf,60a.cdf,61a.cdf,62a.cdf,63a.cdf,64a.cdf,65a.cdf,66a.cdf,67a.cdf,68a.cdf,69a.cdf,6a.cdf,70a.cdf,71a.cdf,72a.cdf,73a.cdf,74a.cdf,75a.cdf,76a.cdf,77a.cdf,78a.cdf,79a.cdf,7a.cdf,80a.cdf,81a.cdf,82a.cdf,83a.cdf,84a.cdf,85a.cdf,86a.cdf,87a.cdf,88a.cdf,89a.cdf,8a.cdf,90a.cdf,91a.cdf,92a.cdf,93a.cdf,9a.cdf,1.cdf,10.cdf,11.cdf,12.cdf,13.cdf,14.cdf,15.cdf,16.cdf,17.cdf,18.cdf,19.cdf,2.cdf,20.cdf,21.cdf,22.cdf,23.cdf,24.cdf,25.cdf,26.cdf,27.cdf,28.cdf,29.cdf,3.cdf,30.cdf,31.cdf,32.cdf,33.cdf,34.cdf,35.cdf,36.cdf,37.cdf,38.cdf,39.cdf,4.cdf,40.cdf,41.cdf,42.cdf,43.cdf,44.cdf,45.cdf,46.cdf,47.cdf,48.cdf,49.cdf,5.cdf,50.cdf,51.cdf,52.cdf,53.cdf,54.cdf,55.cdf,56.cdf,57.cdf,58.cdf,59.cdf,6.cdf,60.cdf,61.cdf,62.cdf,63.cdf,64.cdf,65.cdf,66.cdf,67.cdf,68.cdf,69.cdf,7.cdf,70.cdf,71.cdf,72.cdf,73.cdf,74.cdf,75.cdf,76.cdf,77.cdf,78.cdf,79.cdf,8.cdf,80.cdf,81.cdf,82.cdf,83.cdf,84.cdf,85.cdf,86.cdf,87.cdf,88.cdf,89.cdf,9.cdf,90.cdf,91.cdf,92.cdf,93.cdf,QB_hd.cdf,QD_hd.cdf,QE_hd.cdf,QB_ABD_REINJ_4x.cdf,QD_ABD_REINJ_4x.cdf,QE_ABD_REINJ_4x.cdf,10_abd.cdf,10_antennae.cdf,10_hd.cdf,10_legs.cdf,10_tho.cdf,11_abd.cdf,11_antennae.cdf,11_hd.cdf,11_legs.cdf,11_tho.cdf,12_abd.cdf,12_antennae.cdf,12_hd.cdf,12_legs.cdf,12_tho.cdf,1_abd.cdf,1_antennae.cdf,1_hd.cdf,1_legs.cdf,1_tho.cdf,2_abd.cdf,2_antennae.cdf,2_hd.cdf,2_legs.cdf,2_tho.cdf,3_abd.cdf,3_antennae.cdf,3_hd.cdf,3_legs.cdf,3_tho.cdf,4_abd.cdf,4_antennae.cdf,4_hd.cdf,4_legs.cdf,4_tho.cdf,5_abd.cdf,5_antennae.cdf,5_hd.cdf,5_legs.cdf,5_tho.cdf,6_abd.cdf,6_antennae.cdf,6_hd.cdf,6_legs.cdf,6_tho.cdf,7_abd.cdf,7_antennae.cdf,7_hd.cdf,7_legs.cdf,7_tho.cdf,8_abd.cdf,8_antennae.cdf,8_hd.cdf,8_legs.cdf,8_tho.cdf,9_abd.cdf,9_antennae.cdf,9_hd.cdf,9_legs.cdf,9_tho.cdf
2-Heptanone,Ketone,890,7.619,7.622,7.616,0.0254,0.0166,0.0308,0.0340,0.0285,0.0328,0.0299,0.0453,0.0366,0.0217,0.0234,0.0805,0.0348,0.0788,0.0329,0.0844,0.0779,0.0432,0.0476,0.0830,0.0348,0.0140,0.0312,0.0954,0.0518,0.0250,0.0332,0.0336,0.0257,0.0404,0.0245,0.0214,0.0289,0.0307,0.0350,0.0037,0.0101,0.0205,0.0230,0.0179,0.0272,0.0194,0.0265,0.0258,0.0272,0.0375,0.0293,0.0226,0.0218,0.0353,0.0728,0.0186,0.0219,0.0296,0.0337,0.0304,0.0091,0.0110,0.0150,0.0306,0.0257,0.0182,0.0280,0.0293,0.0348,0.0491,0.0322,0.0656,0.0254,0.0361,0.0414,0.0263,0.1529,0.0432,0.0268,0.0397,0.0262,0.0303,0.0730,0.1249,0.0677,0.0350,0.0352,0.0376,0.0725,0.0381,0.0523,0.0278,0.0325,0.0241,0.0333,0.0291,0.0278,1.5827,0.1373,0.3514,0.0957,0.1060,0.1357,1.2119,0.2134,1.9603,1.0113,1.7257,0.3516,0.1637,0.5028,0.1096,0.6162,0.5843,0.4771,1.2132,0.3951,0.3027,0.3794,0.5804,0.5208,0.6603,0.2525,0.0676,0.1440,0.0963,0.2083,0.3625,0.2653,0.0968,0.7754,0.0732,0.1003,0.0932,0.0659,0.1249,0.1512,4.2894,0.5028,0.2525,0.1581,0.6227,0.0856,0.3741,0.1616,0.2714,0.4622,1.2052,1.3476,0.3590,0.2327,1.4806,1.0597,0.0723,1.1091,0.4149,0.2390,0.8688,1.0042,0.1292,0.4781,2.0229,1.3680,0.1412,1.3197,1.2962,0.0939,0.0783,0.0743,0.1038,0.5570,0.1955,1.9221,1.1031,0.2655,2.9965,3.2971,0.4213,0.4681,1.4468,0.2842,0.1676,0.2817,2.3498,1.0639,0.6277,0.4055,0.4681,0.1363,0.4350,0.3211,0.1274,0.2547,0.0084,0.0061,0.0089,0.0492,4.7225,0.1498,0.1281,0.1212,0.0353,2.3948,0.1606,0.1164,0.0769,0.0187,1.1885,0.0742,0.0421,0.0241,0.0413,3.6359,0.4379,0.0865,0.0790,0.0470,2.4554,0.1701,0.1075,0.1071,0.0154,0.4606,0.1084,0.0329,0.0253,0.0534,3.6447,0.4443,0.4017,0.1125,0.0392,2.4063,0.1189,0.1304,0.1061,0.0177,1.0659,0.0717,0.0374,0.0243,0.0472,3.4288,0.1415,0.1052,0.0898,0.0427,3.4966,0.2156,0.1066,0.0836,0.0198,0.8984,0.0450,0.0382,0.0267
2-Nonanone,Ketone,1093,10.802,10.802,10.802,0.0106,0.0077,0.0125,0.0127,0.0105,0.0121,0.0070,0.0125,0.0098,0.0122,0.0064,0.0240,0.0123,0.0369,0.0119,0.0398,0.0188,0.0156,0.0109,0.0092,0.0123,0.0042,0.0104,0.0430,0.0222,0.0077,0.0103,0.0084,0.0081,0.0124,0.0096,0.0076,0.0112,0.0103,0.0210,0.0267,0.0069,0.0094,0.0081,0.0084,0.0096,0.0086,0.0081,0.0087,0.0085,0.0099,0.0092,0.0082,0.0083,0.0102,0.0313,0.0070,0.0078,0.0093,0.0136,0.0086,0.0129,0.0059,0.0066,0.0125,0.0098,0.0068,0.0096,0.0088,0.0094,0.0141,0.0136,0.0197,0.0069,0.0092,0.0080,0.0086,0.0297,0.0132,0.0086,0.0126,0.0092,0.0118,0.0151,0.0226,0.0128,0.0090,0.0083,0.0083,0.0152,0.0074,0.0117,0.0084,0.0079,0.0069,0.0081,0.0084,0.0101,0.3485,0.0544,0.0888,0.0267,0.0455,0.0310,0.5014,0.1060,0.6580,0.4951,0.6598,0.2037,0.0448,0.2232,0.0243,0.3922,0.3436,0.2030,0.7230,0.1377,0.0983,0.1025,0.4100,0.2903,0.3955,0.0990,0.0143,0.0331,0.0244,0.0580,0.1845,0.1196,0.0235,0.1301,0.0203,0.0266,0.1029,0.0287,0.0399,0.0409,0.7696,0.0805,0.0552,0.0309,0.4433,0.0260,0.0778,0.0513,0.0913,0.2038,0.3175,0.8396,0.0546,0.0523,0.9194,0.3876,0.0187,0.2127,0.1338,0.0602,0.2141,0.6257,0.0394,0.0956,0.7107,0.4796,0.0335,0.4435,0.9495,0.0245,0.0324,0.0181,0.0183,0.2371,0.0689,0.8612,0.5939,0.0693,1.2225,1.1443,0.1746,0.1988,0.5697,0.0887,0.0356,0.0353,0.9131,0.2205,0.1241,0.0656,0.0937,0.0214,0.0704,0.0800,0.0260,0.0409,0.0089,0.0050,0.0084,0.0033,0.3752,0.0125,0.0057,0.0075,0.0031,0.2647,0.0141,0.0057,0.0034,0.0019,0.0859,0.0093,0.0027,0.0019,0.0024,0.2200,0.0913,0.0057,0.0055,0.0054,0.1850,0.0340,0.0063,0.0054,0.0019,0.0385,0.0118,0.0019,0.0019,0.0047,0.3257,0.1612,0.0225,0.0077,0.0022,0.2416,0.0079,0.0058,0.0047,0.0018,0.1024,0.0041,0.0019,0.0017,0.0027,0.3342,0.0093,0.0045,0.0058,0.0026,0.3048,0.0406,0.0057,0.0045,0.0015,0.0842,0.0021,0.0020,0.0018
Hexadecenal,Aldehyde,1804,20.142,20.142,20.142,0.0069,0.0083,0.0084,0.0098,0.0128,0.0102,0.0025,0.0078,0.0075,0.0128,0.0083,0.0095,0.0063,0.0105,0.0080,0.0131,0.0229,0.0688,0.0047,0.0050,0.0095,0.0026,0.0130,0.0182,0.0143,0.0056,0.0074,0.0071,0.0056,0.0266,0.0129,0.0091,0.0070,0.0089,0.0169,0.0319,0.0014,0.0030,0.0025,0.0090,0.0128,0.0043,0.0073,0.0076,0.0053,0.0100,0.0060,0.0067,0.0058,0.0116,0.0251,0.0064,0.0079,0.0107,0.0976,0.0093,0.0052,0.0034,0.0043,0.0084,0.0103,0.0085,0.0076,0.0123,0.0079,0.0355,0.0100,0.0185,0.0087,0.0059,0.0044,0.0081,0.0162,0.0091,0.0099,0.0123,0.0065,0.0181,0.0180,0.0246,0.0137,0.0138,0.0047,0.0080,0.0122,0.0053,0.0191,0.0083,0.0055,0.0082,0.0064,0.0062,0.0084,0.0058,0.0054,0.0010,0.0024,0.0025,0.0002,0.0026,0.0021,0.0064,0.0037,0.0027,0.0028,0.0000,0.0000,0.0000,0.0011,0.0000,0.0000,0.0014,0.0000,0.0000,0.0006,0.0044,0.0039,0.0011,0.0011,0.0005,0.0040,0.0005,0.0008,0.0032,0.0025,0.0000,0.0008,0.0000,0.0000,0.0550,0.0000,0.0000,0.0000,0.0000,0.0000,0.0000,0.0000,0.0008,0.0009,0.0029,0.0020,0.0028,0.0052,0.0000,0.0032,0.0009,0.0018,0.0082,0.0015,0.0018,0.0037,0.0023,0.0018,0.0036,0.0016,0.0010,0.0028,0.0044,0.0043,0.0009,0.0048,0.0065,0.0005,0.0016,0.0024,0.0000,0.0013,0.0019,0.0065,0.0034,0.0022,0.0068,0.0062,0.0024,0.0016,0.0014,0.0006,0.0020,0.0000,0.0036,0.0087,0.0027,0.0011,0.0012,0.0019,0.0011,0.0168,0.0143,0.0141,0.0048,0.0037,0.0063,0.0596,0.0000,0.0078,0.0084,0.0171,0.0190,0.0000,0.0075,0.0054,0.0051,0.0083,0.0000,0.0027,0.0029,0.0048,0.0354,0.1347,0.0037,0.0112,0.0009,0.0089,0.0317,0.0040,0.0094,0.0025,0.0064,0.0021,0.0018,0.0040,0.0035,0.0218,0.0000,0.0105,0.0318,0.0126,0.0075,0.0000,0.0046,0.0065,0.0057,0.0207,0.0000,0.0019,0.0029,0.0045,0.2501,0.0000,0.0052,0.0099,0.0120,0.1105,0.0000,0.0030,0.0058,0.0048,0.0113,0.0000,0.0020,0.0046,0.0041
Hexadecanal,Aldehyde,1821,20.325,20.327,20.322,0.0206,0.0627,0.0210,0.0260,0.0274,0.0241,0.0116,0.0211,0.0874,0.0372,0.0173,0.0236,0.0174,0.0234,0.0204,0.1461,0.4818,0.6397,0.0160,0.0121,0.0196,0.0087,0.0254,0.1026,0.1778,0.0177,0.0214,0.0176,0.0133,0.5641,0.0400,0.0183,0.0195,0.0256,0.0597,0.0613,0.0101,0.0138,0.0117,0.0626,0.0243,0.0154,0.0191,0.0164,0.0171,0.0577,0.0154,0.0158,0.0147,0.0236,0.2240,0.0144,0.0168,0.0247,1.2513,0.0196,0.0179,0.0107,0.0130,0.0215,0.0802,0.0169,0.0177,0.0222,0.0192,0.1957,0.0188,0.0682,0.0178,0.0184,0.0142,0.0222,0.1031,0.0219,0.0195,0.0242,0.0154,0.0302,0.4944,0.4867,0.0824,0.0274,0.0152,0.0174,0.0247,0.0139,0.2586,0.0215,0.0144,0.0157,0.0166,0.0164,0.0184,0.0322,0.0382,0.0206,0.0259,0.0258,0.0212,0.0190,0.0162,0.0313,0.0320,0.0288,0.0234,0.0251,0.0219,0.0244,0.0253,0.0429,0.0339,0.0434,0.0339,0.0224,0.0270,0.0353,0.0310,0.0292,0.0294,0.0127,0.0291,0.0249,0.0155,0.0268,0.0348,0.0235,0.0216,0.0180,0.0223,0.0000,0.0288,0.0296,0.0251,0.0352,0.0155,0.0181,0.0178,0.0294,0.0152,0.0217,0.0220,0.0175,0.0281,0.0211,0.0286,0.0181,0.0160,0.0392,0.0207,0.0161,0.0249,0.0224,0.0209,0.0279,0.0197,0.0156,0.0233,0.0235,0.0269,0.0216,0.0236,0.0318,0.0194,0.0150,0.0159,0.0124,0.0231,0.0159,0.0315,0.0269,0.0173,0.0296,0.0319,0.0303,0.0250,0.0274,0.0150,0.0256,0.0226,0.0222,0.0272,0.0156,0.0185,0.0158,0.0231,0.0198,0.0327,0.0337,0.0315,0.0156,0.0103,0.0147,0.7485,0.9267,0.0429,0.0440,0.0595,0.1315,0.6454,0.0400,0.0338,0.0262,0.0292,0.1876,0.0137,0.0167,0.0225,0.1731,1.2310,0.0367,0.0470,0.0225,0.0602,0.8686,0.0385,0.0432,0.0304,0.0365,0.1539,0.0108,0.0226,0.0268,0.2333,1.0679,0.0546,0.1370,0.0482,0.0255,0.7893,0.0356,0.0389,0.0321,0.0489,0.2863,0.0166,0.0149,0.0188,0.4525,0.8982,0.0421,0.0438,0.0487,1.4294,0.7885,0.0290,0.0354,0.0310,0.0349,0.2079,0.0132,0.0236,0.0201
Nonadecane,Alkane,1898,21.146,21.146,21.146,0.0407,0.0316,0.0504,0.0330,0.0643,0.0694,0.0123,0.0254,0.0485,0.0980,0.0233,0.0423,0.0437,0.0575,0.0354,0.0581,0.1303,0.1381,0.0281,0.0337,0.0348,0.0183,0.0560,0.0915,0.1121,0.0278,0.0452,0.0515,0.0332,0.0589,0.0702,0.1469,0.0607,0.1568,0.1415,0.0692,0.0258,0.0283,0.0296,0.0306,0.0708,0.0323,0.0374,0.0601,0.0335,0.0372,0.0186,0.0359,0.0411,0.0253,0.0733,0.0390,0.0400,0.0292,0.0663,0.0638,0.0175,0.0750,0.0640,0.0471,0.1032,0.0261,0.0282,0.0333,0.0171,0.1334,0.0355,0.0756,0.0414,0.0284,0.0288,0.0266,0.1429,0.0314,0.0406,0.0342,0.0619,0.0498,0.0502,0.0710,0.0229,0.0908,0.0395,0.1481,0.0648,0.0133,0.0370,0.0679,0.0301,0.0342,0.0306,0.0238,0.0942,0.0103,0.0115,0.0052,0.0086,0.0071,0.0050,0.0094,0.0082,0.0119,0.0087,0.0059,0.0072,0.0056,0.0034,0.0051,0.0079,0.0088,0.0201,0.0205,0.0071,0.0045,0.0057,0.0165,0.0081,0.0095,0.0256,0.0064,0.0116,0.0079,0.0063,0.0129,0.0099,0.0106,0.0061,0.0186,0.0088,0.0724,0.0019,0.0050,0.0058,0.0041,0.0044,0.0052,0.0048,0.0078,0.0064,0.0072,0.0069,0.0126,0.0155,0.0047,0.0113,0.0055,0.0073,0.0072,0.0189,0.0077,0.0096,0.0131,0.0096,0.0151,0.0127,0.0048,0.0064,0.0074,0.0052,0.0090,0.0083,0.0286,0.0053,0.0070,0.0093,0.0034,0.0204,0.0080,0.0087,0.0079,0.0130,0.0082,0.0091,0.0115,0.0073,0.0086,0.0090,0.0163,0.0068,0.0039,0.0200,0.0175,0.0050,0.0046,0.0057,0.0054,0.1056,0.0361,0.0434,0.0622,0.0757,0.0664,0.0481,0.5558,0.0340,0.0298,0.0430,0.0497,0.3934,0.0416,0.0228,0.0245,0.2192,0.1198,0.0263,0.0302,0.0889,0.0557,0.6839,0.0296,0.0316,0.0252,0.0537,0.4812,0.0292,0.0311,0.0323,0.2963,0.0897,0.0252,0.0442,0.0516,0.0443,0.6272,0.0337,0.0733,0.0350,0.0330,0.4554,0.0229,0.0244,0.0276,0.3983,0.1706,0.0229,0.0295,0.0633,0.0421,0.5333,0.0261,0.0279,0.0338,0.0314,0.4772,0.0194,0.0199,0.0211,0.0847,0.1301,0.0160,0.0188,0.0441
Methyl Hexadecanoate,Ester,1926,21.427,21.429,21.424,0.0015,0.0007,0.0015,0.0016,0.0121,0.0033,0.0004,0.0033,0.0009,0.0023,0.0023,0.0012,0.0008,0.0014,0.0016,0.0033,0.0036,0.0017,0.0006,0.0004,0.0024,0.0008,0.0029,0.0041,0.0232,0.0005,0.0020,0.0013,0.0011,0.0013,0.0033,0.0282,0.0048,0.0033,0.0063,0.0123,0.0009,0.0005,0.0008,0.0009,0.0030,0.0008,0.0024,0.0016,0.0005,0.0022,0.0008,0.0011,0.0012,0.0038,0.0027,0.0012,0.0021,0.0018,0.0020,0.0064,0.0006,0.0003,0.0005,0.0011,0.0009,0.0016,0.0009,0.0023,0.0014,0.0042,0.0021,0.0043,0.0025,0.0009,0.0005,0.0017,0.0032,0.0012,0.0019,0.0017,0.0049,0.0060,0.0010,0.0018,0.0023,0.0037,0.0007,0.0024,0.0019,0.0011,0.0018,0.0030,0.0027,0.0044,0.0013,0.0012,0.0022,0.0033,0.0197,0.0630,0.0052,0.0053,0.0039,0.1059,0.0743,0.2420,0.0309,0.0015,0.0057,0.0081,0.0068,0.0194,0.0043,0.0598,0.5274,0.0095,0.0045,0.0019,0.0050,1.1664,0.0114,0.0484,0.9257,0.0214,0.0161,0.0142,0.0153,0.0093,0.0095,0.1586,0.0037,0.0507,0.0146,0.3004,0.0000,0.0312,0.0315,0.0171,0.0011,0.0365,0.0003,0.0091,0.0049,0.0107,0.0026,0.1472,0.3512,0.0262,0.0091,0.0005,0.0009,0.0374,0.0154,0.0046,0.0231,0.0027,0.0479,0.0624,0.0109,0.0277,0.0016,0.0113,0.0036,0.0034,0.0094,0.0231,0.0293,0.0172,0.0058,0.0084,0.0195,0.0086,0.0038,0.0221,0.0164,0.0053,0.0160,0.0144,0.0228,0.0112,0.0128,0.1104,0.0085,0.0860,0.0207,0.0041,0.0063,0.0044,0.0497,0.0309,0.0043,0.0059,0.0044,0.0016,0.0008,0.0009,0.0092,0.1758,0.0202,0.0096,0.0107,0.0083,0.1123,1.3554,0.0078,0.0580,0.0059,0.0356,0.0031,0.0028,0.0024,0.0056,0.2417,0.0416,0.0091,0.0043,0.0042,0.1767,0.0764,0.0090,0.0053,0.0026,0.0309,0.0043,0.0041,0.0020,0.0102,0.2112,0.1015,0.0289,0.0094,0.0044,0.1542,0.0094,0.0077,0.0063,0.0051,0.0561,0.0040,0.0032,0.0027,0.0090,0.1655,0.0215,0.0101,0.0095,0.0098,0.1440,0.0825,0.0074,0.0091,0.0044,0.0372,0.0062,0.0058,0.0023
"(E,E)-7,11,15-Trimethyl-3-methylene-hexadeca-1,6,10,14-tetraene",Terpenoid,1927,21.435,21.430,21.440,0.0010,0.0004,0.0010,0.0010,0.0084,0.0020,0.0002,0.0027,0.0004,0.0009,0.0014,0.0006,0.0005,0.0007,0.0012,0.0024,0.0024,0.0008,0.0003,0.0001,0.0019,0.0005,0.0017,0.0027,0.0222,0.0003,0.0015,0.0007,0.0006,0.0008,0.0022,0.0275,0.0043,0.0025,0.0033,0.0050,0.0007,0.0002,0.0006,0.0004,0.0017,0.0005,0.0015,0.0010,0.0002,0.0015,0.0003,0.0006,0.0007,0.0023,0.0016,0.0007,0.0016,0.0011,0.0012,0.0050,0.0000,0.0001,0.0003,0.0003,0.0004,0.0010,0.0004,0.0013,0.0007,0.0028,0.0014,0.0027,0.0019,0.0005,0.0002,0.0009,0.0021,0.0006,0.0011,0.0008,0.0045,0.0038,0.0005,0.0010,0.0017,0.0021,0.0004,0.0018,0.0009,0.0007,0.0012,0.0021,0.0024,0.0040,0.0008,0.0008,0.0014,0.0027,0.0190,0.0622,0.0046,0.0047,0.0036,0.1053,0.0739,0.2383,0.0298,0.0008,0.0051,0.0075,0.0064,0.0190,0.0037,0.0580,0.5207,0.0083,0.0039,0.0016,0.0045,1.1641,0.0106,0.0472,0.9224,0.0212,0.0155,0.0137,0.0150,0.0087,0.0089,0.1581,0.0033,0.0502,0.0142,0.2491,0.0000,0.0307,0.0310,0.0162,0.0008,0.0362,0.0000,0.0084,0.0046,0.0103,0.0022,0.1466,0.3503,0.0258,0.0084,0.0003,0.0007,0.0364,0.0146,0.0043,0.0225,0.0022,0.0474,0.0539,0.0104,0.0269,0.0011,0.0106,0.0029,0.0030,0.0088,0.0221,0.0289,0.0170,0.0055,0.0082,0.0190,0.0084,0.0031,0.0215,0.0160,0.0043,0.0144,0.0133,0.0222,0.0107,0.0125,0.1098,0.0081,0.0847,0.0155,0.0038,0.0057,0.0041,0.0491,0.0303,0.0031,0.0047,0.0024,0.0004,0.0003,0.0003,0.0311,0.7486,0.0475,0.0378,0.0463,0.0231,0.5176,0.1220,0.0285,0.0260,0.0398,0.1570,0.0180,0.0125,0.0114,0.0210,1.0516,0.0425,0.0391,0.0186,0.0184,0.7457,0.0384,0.0373,0.0231,0.0565,0.1303,0.0123,0.0149,0.0081,0.0356,0.8799,0.0558,0.1165,0.0399,0.0187,0.6507,0.0310,0.0330,0.0256,0.0439,0.2322,0.0160,0.0116,0.0106,0.0353,0.7468,0.0439,0.0376,0.0380,0.0211,0.6441,0.0630,0.0295,0.0261,0.1489,0.1666,0.0132,0.0152,0.0095
Eicosane,Alkane,2000,22.158,22.161,22.155,0.0096,0.0089,0.0179,0.0109,0.0453,0.0241,0.0041,0.0086,0.0123,0.0386,0.0052,0.0114,0.0116,0.0165,0.0112,0.0243,0.0457,0.0406,0.0078,0.0091,0.0091,0.0040,0.0158,0.0345,0.0335,0.0056,0.0128,0.0152,0.0069,0.0212,0.0169,0.0450,0.0165,0.0531,0.0724,0.0603,0.0049,0.0055,0.0060,0.0144,0.0196,0.0079,0.0095,0.0197,0.0062,0.0089,0.0051,0.0088,0.0101,0.0091,0.0250,0.0105,0.0113,0.0103,0.0227,0.0214,0.0059,0.0214,0.0160,0.0159,0.0307,0.0070,0.0095,0.0095,0.0053,0.0393,0.0114,0.0298,0.0117,0.0071,0.0063,0.0059,0.0554,0.0096,0.0113,0.0109,0.0164,0.0157,0.0150,0.0191,0.0108,0.0222,0.0095,0.0464,0.0184,0.0036,0.0119,0.0192,0.0084,0.0106,0.0075,0.0061,0.0257,0.0051,0.0061,0.0029,0.0043,0.0042,0.0025,0.0037,0.0034,0.0043,0.0040,0.0032,0.0025,0.0033,0.0014,0.0026,0.0029,0.0060,0.0103,0.0094,0.0037,0.0028,0.0034,0.0057,0.0037,0.0049,0.0089,0.0026,0.0057,0.0041,0.0025,0.0049,0.0049,0.0048,0.0020,0.0059,0.0037,0.0885,0.0000,0.0007,0.0019,0.0020,0.0019,0.0024,0.0025,0.0029,0.0030,0.0032,0.0030,0.0045,0.0055,0.0031,0.0046,0.0025,0.0029,0.0029,0.0056,0.0030,0.0041,0.0052,0.0043,0.0071,0.0042,0.0020,0.0031,0.0035,0.0038,0.0025,0.0037,0.0100,0.0021,0.0025,0.0033,0.0019,0.0077,0.0031,0.0036,0.0028,0.0040,0.0027,0.0037,0.0045,0.0031,0.0027,0.0033,0.0054,0.0027,0.0012,0.0115,0.0056,0.0014,0.0015,0.0023,0.0018,0.0315,0.0237,0.0342,0.0128,0.0171,0.0192,0.0158,0.0000,0.0043,0.0046,0.0123,0.0090,0.0077,0.0080,0.0021,0.0043,0.0541,0.0000,0.0046,0.0061,0.0187,0.0136,0.0278,0.0031,0.0048,0.0038,0.0120,0.0147,0.0024,0.0043,0.0040,0.0736,0.0050,0.0054,0.0118,0.0120,0.0106,0.0349,0.0029,0.0035,0.0069,0.0065,0.0000,0.0014,0.0016,0.0038,0.1222,0.0027,0.0034,0.0069,0.0161,0.0154,0.0136,0.0040,0.0049,0.0089,0.0069,0.0084,0.0024,0.0014,0.0033,0.0265,0.0081,0.0028,0.0059,0.0119
Octadecenal,Aldehyde,2009,22.264,22.264,22.264,0.0367,0.0507,0.0365,0.0438,0.0839,0.0440,0.0109,0.0172,0.0616,0.1170,0.0266,0.0283,0.0199,0.0288,0.0190,0.2570,0.5605,0.4632,0.0155,0.0220,0.0155,0.0150,0.0435,0.2272,0.1835,0.0205,0.0179,0.0135,0.0142,0.0847,0.0987,0.0258,0.0182,0.0304,0.0633,0.0842,0.0068,0.0151,0.0104,0.0716,0.0247,0.0116,0.0221,0.0246,0.0121,0.0163,0.0146,0.0248,0.0176,0.0396,0.1586,0.0220,0.0239,0.0211,0.3995,0.0414,0.0095,0.0056,0.0215,0.0177,0.0414,0.0175,0.0211,0.0339,0.0252,0.0693,0.0233,0.0872,0.0173,0.0166,0.0105,0.0154,0.0954,0.0209,0.0240,0.0304,0.0135,0.0402,0.5930,1.1978,0.0200,0.0235,0.0140,0.0177,0.0213,0.0143,0.1880,0.0241,0.0104,0.0165,0.0141,0.0169,0.0211,0.0166,0.0106,0.0033,0.0090,0.0144,0.0027,0.0078,0.0064,0.0097,0.0069,0.0057,0.0064,0.0046,0.0000,0.0016,0.0025,0.0031,0.0080,0.0026,0.0024,0.0017,0.0021,0.0079,0.0052,0.0028,0.0054,0.0045,0.0074,0.0032,0.0038,0.0051,0.0040,0.0039,0.0039,0.0028,0.0000,0.0000,0.0000,0.0000,0.0000,0.0010,0.0016,0.0017,0.0033,0.0009,0.0068,0.0051,0.0057,0.0131,0.0097,0.0025,0.0025,0.0023,0.0063,0.0035,0.0024,0.0027,0.0048,0.0052,0.0054,0.0048,0.0019,0.0032,0.0061,0.0070,0.0059,0.0029,0.0051,0.0041,0.0046,0.0058,0.0084,0.0019,0.0031,0.0077,0.0080,0.0049,0.0107,0.0067,0.0047,0.0044,0.0032,0.0040,0.0042,0.0065,0.0033,0.0042,0.0096,0.0075,0.0039,0.0039,0.0058,0.0045,0.0209,0.0251,0.0334,0.0171,0.0241,0.0196,0.1297,0.0000,0.0136,0.0250,0.0226,0.0505,0.0000,0.0176,0.0101,0.0069,0.0466,0.0000,0.0039,0.0064,0.0060,0.0382,0.1127,0.0045,0.0358,0.0021,0.0698,0.0136,0.0083,0.0299,0.0026,0.0509,0.0071,0.0045,0.0125,0.0041,0.1649,0.0000,0.0115,0.0445,0.0152,0.0700,0.0000,0.0133,0.0161,0.0068,0.1526,0.0000,0.0024,0.0074,0.0054,0.1165,0.0000,0.0094,0.0193,0.0188,0.7163,0.0000,0.0066,0.0120,0.0054,0.0398,0.0000,0.0023,0.0099,0.0051
Heneicosene 1,Alkene,2077,22.924,22.924,22.924,0.0126,0.0070,0.0133,0.0118,0.0162,0.0191,0.0032,0.0076,0.0199,0.0561,0.0018,0.0179,0.0112,0.0175,0.0109,0.0521,0.1679,0.1223,0.0069,0.0059,0.0085,0.0011,0.0168,0.0900,0.0802,0.0060,0.0100,0.0080,0.0051,0.0188,0.0294,0.0369,0.0182,0.0498,0.0594,0.0332,0.0046,0.0073,0.0070,0.0154,0.0117,0.0037,0.0068,0.0102,0.0069,0.0088,0.0051,0.0110,0.0062,0.0068,0.0534,0.0068,0.0065,0.0126,0.0413,0.0259,0.0150,0.0124,0.0111,0.0221,0.0524,0.0044,0.0053,0.0076,0.0084,0.0857,0.0073,0.1113,0.0088,0.0085,0.0090,0.0072,0.1749,0.0071,0.0066,0.0067,0.0055,0.0183,0.0292,0.0353,0.0142,0.0366,0.0105,0.0355,0.0150,0.0037,0.0270,0.0091,0.0057,0.0056,0.0063,0.0060,0.0149,0.0058,0.0067,0.0018,0.0037,0.0038,0.0012,0.0025,0.0025,0.0044,0.0055,0.0040,0.0023,0.0024,0.0000,0.0015,0.0025,0.0037,0.0145,0.0134,0.0019,0.0014,0.0016,0.0062,0.0032,0.0056,0.0128,0.0015,0.0049,0.0023,0.0017,0.0063,0.0043,0.0041,0.0015,0.0093,0.0015,0.0000,0.0000,0.0003,0.0000,0.0003,0.0004,0.0012,0.0012,0.0035,0.0016,0.0031,0.0026,0.0034,0.0054,0.0005,0.0058,0.0021,0.0020,0.0025,0.0081,0.0020,0.0059,0.0039,0.0030,0.0089,0.0056,0.0015,0.0031,0.0029,0.0036,0.0017,0.0029,0.0258,0.0019,0.0021,0.0027,0.0010,0.0141,0.0019,0.0033,0.0032,0.0024,0.0019,0.0047,0.0045,0.0039,0.0038,0.0021,0.0044,0.0018,0.0009,0.0097,0.0029,0.0017,0.0015,0.0023,0.0020,0.0287,0.0193,0.0358,0.0129,0.0036,0.0075,0.0278,0.0000,0.0055,0.0057,0.0169,0.0122,0.0000,0.0050,0.0039,0.0058,0.0497,0.0000,0.0042,0.0047,0.0218,0.0293,0.1000,0.0093,0.0115,0.0121,0.0241,0.0397,0.0077,0.0092,0.0152,0.1586,0.0111,0.0227,0.0312,0.0626,0.0338,0.0000,0.0102,0.0152,0.0149,0.0089,0.0000,0.0042,0.0049,0.0079,0.1074,0.0000,0.0092,0.0089,0.0338,0.0638,0.0000,0.0142,0.0146,0.0342,0.0423,0.0000,0.0065,0.0051,0.0111,0.0610,0.0000,0.0120,0.0096,0.0443
Heneicosene 2,Alkene,2082,22.973,22.973,22.973,0.0133,0.0259,0.0379,0.0162,0.0983,0.0479,0.0029,0.0135,0.0176,0.0492,0.0038,0.0184,0.0152,0.0169,0.0108,0.1072,0.8034,0.1449,0.0099,0.0185,0.0393,0.0026,0.0308,0.1823,0.0623,0.0077,0.0192,0.0566,0.0075,0.0604,0.0665,0.1158,0.0320,0.0628,0.0765,0.1799,0.0220,0.0158,0.0209,0.0803,0.0532,0.0082,0.0311,0.0213,0.0170,0.0363,0.0169,0.0497,0.0253,0.0429,0.1685,0.0096,0.0128,0.0155,0.0748,0.1440,0.0161,0.0931,0.0343,0.0860,0.4523,0.0162,0.0107,0.0231,0.0294,0.0734,0.0404,0.0916,0.0370,0.0119,0.0187,0.0197,0.7356,0.0111,0.0144,0.0126,0.0331,0.0576,0.2342,0.0776,0.0535,0.1455,0.0456,0.2450,0.0759,0.0109,0.0955,0.0525,0.0074,0.0172,0.0092,0.0081,0.0665,0.0018,0.0025,0.0009,0.0030,0.0007,0.0000,0.0009,0.0010,0.0018,0.0010,0.0000,0.0000,0.0000,0.0000,0.0000,0.0000,0.0025,0.0658,0.0079,0.0000,0.0000,0.0005,0.0032,0.0005,0.0046,0.0065,0.0006,0.0027,0.0038,0.0003,0.0101,0.0019,0.0041,0.0000,0.0056,0.0014,0.0000,0.0000,0.0000,0.0000,0.0019,0.0000,0.0000,0.0000,0.0012,0.0009,0.0028,0.0020,0.0068,0.0069,0.0007,0.0086,0.0000,0.0005,0.0000,0.0042,0.0022,0.0066,0.0100,0.0034,0.0080,0.0355,0.0008,0.0008,0.0013,0.0023,0.0011,0.0032,0.0206,0.0014,0.0011,0.0022,0.0002,0.0653,0.0010,0.0004,0.0005,0.0041,0.0000,0.0189,0.0019,0.0091,0.0022,0.0031,0.0096,0.0034,0.0000,0.0088,0.0054,0.0000,0.0003,0.0000,0.0000,0.0655,0.0248,0.0573,0.0336,0.0095,0.0214,0.0310,0.0000,0.0026,0.0040,0.0155,0.0401,0.0000,0.0060,0.0025,0.0079,0.1016,0.0000,0.0051,0.0070,0.0310,0.0298,0.0000,0.0054,0.0084,0.0096,0.0168,0.0000,0.0024,0.0058,0.0070,0.2085,0.0000,0.0261,0.0362,0.0764,0.1262,0.0000,0.0235,0.0157,0.0379,0.0130,0.0000,0.0013,0.0023,0.0068,0.1978,0.0000,0.0116,0.0142,0.0531,0.0554,0.0000,0.0093,0.0152,0.0331,0.1373,0.0000,0.0169,0.0099,0.0400,0.0545,0.0000,0.0084,0.0089,0.0346
Heneicosane,Alkane,2100,23.131,23.132,23.131,1.7105,1.4499,2.4601,1.6179,2.8129,2.8795,0.8429,1.2254,2.9378,2.4595,1.2558,2.0423,2.2053,2.5313,1.9711,2.6457,6.8758,7.6347,2.4088,2.2910,2.3685,1.5024,2.9204,4.2510,5.7605,1.6467,2.2624,2.8282,2.0505,3.3419,2.3098,3.9491,2.8875,4.4232,4.0595,2.0618,1.8798,2.2079,1.8771,2.9733,3.4208,1.9275,2.0451,2.6624,1.6025,1.9539,1.1935,2.3097,2.4438,2.0163,3.8300,2.5295,2.3804,2.1727,3.2517,3.1851,1.6095,4.1799,3.2707,3.1302,5.0637,1.4558,1.8582,2.0503,1.1632,5.1990,2.3588,6.7913,2.3453,1.3919,1.2800,1.4135,6.3874,2.0068,2.7472,2.3102,3.5913,2.8093,3.1404,2.3984,1.4612,3.3005,2.0828,4.7026,3.2302,0.6734,1.6577,2.8310,1.7212,1.9535,1.5786,1.2083,3.4314,0.3310,0.2962,0.1600,0.3343,0.2628,0.2374,0.5360,0.3794,0.2951,0.3424,0.1852,0.2764,0.2214,0.1093,0.1702,0.2296,0.4001,2.9015,2.6760,0.2670,0.1475,0.1575,0.4821,0.2762,0.5815,1.6347,0.4181,0.3647,0.3118,0.2519,0.5857,0.2566,0.3904,0.2545,0.6921,0.3860,0.7656,0.1397,0.1985,0.2113,0.2124,0.2312,0.1988,0.1920,0.7048,0.2787,0.2284,0.1726,0.4807,0.3868,0.1877,0.6856,0.2088,0.3216,0.1532,1.5283,0.2329,0.3317,0.7008,0.4798,0.3248,1.1847,0.1616,0.2722,0.3209,0.1562,0.3327,0.2658,3.5318,0.2350,0.4286,0.4811,0.1430,2.6995,0.5330,0.3689,0.3332,0.8340,0.4168,0.8307,0.3855,0.3500,0.2900,0.6544,0.6797,0.3256,0.1023,0.3730,1.1322,0.2155,0.1909,0.1625,0.1523,2.5420,1.3869,1.5611,3.5451,3.7997,3.4525,1.6297,0.7884,0.5352,0.5254,0.5285,1.9555,0.6369,0.4932,0.4423,0.5097,3.6207,0.3681,1.9526,2.1443,3.0280,3.9186,1.1564,0.8431,0.9457,0.9824,3.4631,0.8567,0.5389,0.8245,0.8069,3.5713,0.3436,2.0181,2.8172,2.1844,1.5166,0.9274,0.4094,0.4006,0.5972,1.5842,0.6744,0.2771,0.2967,0.4237,3.9098,0.4884,1.5410,2.3708,2.8074,1.8919,0.8476,0.3967,0.5876,0.4910,1.3386,0.7334,0.3577,0.3011,0.4060,3.6809,0.3023,1.2312,1.3520,2.3650
Docosene,Alkene,2178,23.865,23.863,23.868,0.2119,0.0944,0.1437,0.1281,0.4351,0.3727,0.0354,0.0972,0.0990,0.2797,0.0865,0.2190,0.1458,0.2538,0.1477,0.0666,0.2719,0.2401,0.0791,0.0874,0.1154,0.0599,0.2877,0.1519,0.0634,0.1084,0.1423,0.1264,0.1082,0.2300,0.2515,0.3957,0.2211,0.3923,0.2576,0.2405,0.0689,0.0878,0.1428,0.1815,0.2685,0.1232,0.2433,0.1690,0.1406,0.1688,0.0582,0.1518,0.0976,0.2064,0.1776,0.1446,0.1371,0.1835,0.1392,0.5463,0.0948,0.1750,0.2040,0.1920,0.2480,0.1055,0.0679,0.1401,0.0971,0.2950,0.0952,0.2035,0.1682,0.1359,0.1461,0.1326,0.2914,0.1052,0.1116,0.0750,0.0912,0.3101,0.2064,0.1412,0.1016,0.4935,0.1566,0.4328,0.1800,0.0413,0.1419,0.1689,0.0841,0.0865,0.0941,0.0857,0.2731,0.0371,0.0521,0.0170,0.0283,0.0311,0.0193,0.0311,0.0212,0.0310,0.0344,0.0333,0.0224,0.0318,0.0224,0.0359,0.0420,0.0300,0.0477,0.0459,0.0363,0.0205,0.0202,0.0749,0.0349,0.0234,0.0313,0.0221,0.0370,0.0262,0.0231,0.0685,0.0388,0.0494,0.0279,0.0716,0.0340,0.2442,0.0200,0.0298,0.0260,0.0258,0.0159,0.0230,0.0174,0.0205,0.0180,0.0251,0.0188,0.0274,0.0376,0.0196,0.0242,0.0241,0.0191,0.0268,0.0401,0.0206,0.0496,0.0344,0.0355,0.0424,0.0273,0.0139,0.0236,0.0244,0.0206,0.0192,0.0192,0.0589,0.0215,0.0238,0.0262,0.0139,0.0400,0.0213,0.0262,0.0273,0.0262,0.0247,0.0272,0.0233,0.0218,0.0423,0.0212,0.0368,0.0268,0.0126,0.0302,0.0310,0.0177,0.0135,0.0213,0.0181,0.2333,0.0915,0.1294,0.1071,0.0564,0.0568,0.1550,0.6997,0.0489,0.0424,0.0752,0.1667,0.5024,0.0983,0.0383,0.0539,0.4268,0.1480,0.0444,0.0469,0.1515,0.3148,0.9887,0.0966,0.0839,0.1332,0.2474,0.7116,0.0806,0.0732,0.1704,1.1258,0.1597,0.3434,0.3559,0.5978,0.1658,0.8381,0.0516,0.1088,0.0486,0.0826,0.6219,0.0426,0.0389,0.0702,0.9969,0.2442,0.1626,0.1345,0.4061,0.0862,0.7207,0.0611,0.0517,0.0628,0.1678,0.6275,0.0471,0.0316,0.0428,0.2907,0.1675,0.0783,0.0618,0.1694
"Octanoic Acid, Dodecyl Ester",Ester,2178,23.865,23.868,23.862,0.2858,1.1475,0.1370,0.1460,0.0976,0.1878,0.0331,0.0493,0.0100,0.1289,0.1983,0.2172,0.0759,0.0495,0.0750,0.0077,0.3314,0.2547,0.0047,0.0239,0.0879,0.0716,0.1741,0.0507,0.0368,0.1013,0.0251,0.0066,0.0451,0.8519,0.3421,0.0865,0.0819,0.2312,0.0593,0.1109,0.0017,0.0045,0.0359,0.1249,0.0133,0.0547,0.4736,0.0568,0.2900,1.0578,0.0196,0.0343,0.0810,0.0519,0.7509,0.1044,0.0233,0.1873,1.5664,0.2063,0.0365,0.0115,0.1456,0.0579,0.6748,0.1243,0.0100,0.0281,0.0310,0.1474,0.0496,0.1672,0.1631,0.1444,0.3424,0.9052,0.5068,0.2281,0.1716,0.0710,0.0009,0.3368,0.2752,0.2263,0.3723,0.9185,0.5418,0.5583,0.0362,0.3031,0.2635,0.3307,0.0577,0.0664,0.0489,0.2342,0.0265,0.0000,0.0000,0.0000,0.0000,0.0000,0.0000,0.0000,0.0000,0.0000,0.0000,0.0000,0.0000,0.0000,0.0000,0.0000,0.0000,0.0000,0.0000,0.0000,0.0000,0.0000,0.0000,0.0000,0.0000,0.0000,0.0000,0.0000,0.0000,0.0000,0.0000,0.0000,0.0000,0.0000,0.0000,0.0000,0.0000,0.0000,0.0000,0.0000,0.0000,0.0000,0.0000,0.0000,0.0000,0.0000,0.0000,0.0000,0.0000,0.0000,0.0000,0.0000,0.0000,0.0000,0.0000,0.0000,0.0000,0.0000,0.0000,0.0000,0.0000,0.0000,0.0000,0.0000,0.0000,0.0000,0.0000,0.0000,0.0000,0.0000,0.0000,0.0000,0.0013,0.0000,0.0000,0.0000,0.0000,0.0000,0.0000,0.0000,0.0000,0.0000,0.0000,0.0000,0.0000,0.0000,0.0000,0.0000,0.0000,0.0000,0.0000,0.0000,0.0000,0.0000,0.0023,0.0000,0.0006,0.0013,0.0019,0.0004,1.6000,0.2156,0.0102,0.0102,0.0120,1.1657,0.1526,0.0123,0.0084,0.0065,0.0263,0.0474,0.0048,0.0040,0.0050,0.2049,0.2691,0.0102,0.0118,0.0071,0.0937,0.1832,0.0094,0.0104,0.0085,0.0000,0.0342,0.0046,0.0052,0.0050,0.5680,0.2419,0.0125,0.0306,0.0102,0.0571,0.1758,0.0076,0.0094,0.0076,0.0103,0.0659,0.0057,0.0045,0.0053,0.0125,0.2086,0.0105,0.0100,0.0103,1.1866,0.1827,0.0079,0.0089,0.0076,0.0116,0.0500,0.0045,0.0054,0.0048
Docosane,Alkane,2200,24.070,24.064,24.075,1.1178,0.8832,1.3174,0.9145,1.8039,1.8977,0.5144,0.6941,1.5646,1.1584,0.6725,1.2444,1.4872,1.5369,1.2190,0.3484,1.1647,1.2818,1.2839,1.3157,1.1814,0.9305,1.7927,1.0085,0.6879,1.0560,1.3945,1.6718,1.4274,1.8830,1.1233,2.8096,1.4987,2.5367,1.7516,1.1775,0.9195,0.9376,0.9700,1.7827,2.0319,1.1444,1.3246,1.6986,1.0276,1.4485,0.5423,1.1190,1.3986,1.0714,1.0335,1.5583,1.6042,1.2603,0.9443,1.9147,0.7458,2.2717,2.0105,1.4809,1.4239,0.8829,1.0494,1.2603,0.5314,1.6416,1.1772,1.7370,1.4654,0.8773,0.8186,1.0506,1.6684,1.2425,1.6233,1.3689,1.8716,1.7701,0.9623,0.5344,0.5646,2.1483,1.2999,2.9847,1.9277,0.2695,0.5829,1.7995,1.1278,1.2577,1.1091,0.8175,2.3563,0.1861,0.1513,0.0668,0.1472,0.1286,0.1190,0.2549,0.2010,0.1291,0.1483,0.0892,0.1597,0.1169,0.0677,0.0889,0.0979,0.0746,0.2555,0.2557,0.1211,0.0785,0.0675,0.1532,0.1230,0.1106,0.1193,0.2385,0.1888,0.1466,0.1469,0.2267,0.0975,0.1517,0.1281,0.2016,0.1381,0.4298,0.0821,0.0890,0.0867,0.0785,0.1347,0.1151,0.1110,0.1377,0.1580,0.1447,0.0696,0.1884,0.1505,0.0861,0.1104,0.0972,0.1532,0.0681,0.3081,0.0961,0.1611,0.2982,0.2140,0.1266,0.2129,0.0826,0.1366,0.1507,0.0708,0.1258,0.1026,0.4870,0.1316,0.2257,0.2621,0.0960,0.2650,0.2682,0.1681,0.1605,0.3742,0.1940,0.1828,0.0787,0.0944,0.1496,0.2977,0.2733,0.1660,0.0349,0.1162,0.5306,0.1135,0.0904,0.0936,0.0779,1.4818,0.7599,0.8813,1.6303,2.5796,2.0639,0.9281,0.8647,0.1747,0.2325,0.2328,1.2653,0.6467,0.1964,0.2235,0.2657,3.7442,0.2673,0.9480,1.2243,2.2742,1.6263,1.1139,0.2219,0.3452,0.2296,1.6028,0.8068,0.1767,0.3117,0.2124,3.4916,0.2100,0.9217,1.5092,1.0640,0.5022,0.9989,0.1270,0.1915,0.1761,0.8326,0.7362,0.1272,0.1473,0.1584,3.6999,0.3521,0.6540,1.2353,1.7348,0.5937,0.8644,0.1133,0.1778,0.1414,0.5211,0.7612,0.1100,0.1083,0.1198,3.1677,0.2540,0.5857,0.7121,1.7193
Tricosene,Alkene,2279,24.779,24.779,24.812,7.0442,4.8730,6.0776,7.6768,6.3564,6.4954,5.7680,7.0296,7.5935,8.3490,7.0038,7.9800,6.2920,7.3638,6.9390,8.9825,12.4726,12.9466,7.7293,5.9989,6.1309,5.8413,6.9991,10.2932,6.9509,7.1387,7.5795,6.6085,6.1297,7.7603,8.0057,6.4118,7.9562,7.2498,10.5604,11.1004,8.1966,9.8649,8.6245,7.0530,7.8224,7.1568,6.8371,5.9962,6.6675,6.2181,5.1317,6.8927,5.9200,5.7965,9.8765,5.7981,5.6556,6.2047,8.0119,6.3717,9.8977,8.0172,7.3346,8.9396,10.9417,5.3514,6.2270,6.4219,5.8198,9.6974,5.0976,11.5543,6.2925,7.2533,6.7640,6.4670,10.5572,6.7290,5.8335,5.5925,6.1568,6.4289,8.9682,8.6229,7.0353,7.8583,6.8579,7.9137,7.6179,3.1416,8.3545,5.6665,5.8165,4.7874,5.7671,5.7519,6.2973,4.7467,9.1673,2.6755,4.1762,6.9711,3.8619,6.5455,5.3124,4.7654,10.6873,10.7960,4.4463,9.7971,8.4108,10.3733,12.4501,2.8890,8.6490,8.4967,7.8174,4.7387,2.3408,11.1681,8.8350,4.4360,3.1492,6.1681,6.1600,3.9919,7.1312,14.4915,11.7015,13.0770,4.9092,15.2360,12.5211,8.6439,3.6655,11.6011,7.1753,5.8496,2.7053,4.5901,3.3918,4.5263,4.3732,5.5348,2.2323,5.6930,5.5278,4.5009,8.7081,6.7863,4.1893,4.4683,10.9290,2.7773,11.4402,5.5128,7.4917,9.3322,8.8451,2.5353,4.7876,5.1654,3.1408,2.4221,2.0486,14.4146,3.9408,6.4319,5.6706,6.1520,11.2854,4.8939,3.6587,5.9786,4.8902,4.7098,6.9550,3.5577,5.4211,6.2723,5.2113,5.2921,5.0530,0.9447,6.6926,5.1427,4.0846,2.2379,3.3659,4.5155,6.5592,6.5126,5.6489,9.7591,6.5088,5.9286,7.5107,5.6282,9.3442,5.6600,9.5018,7.2510,6.0801,10.3580,7.1279,8.5572,6.3394,4.7330,8.5205,6.7824,5.7114,10.5931,11.9322,20.8515,12.9410,21.0673,9.9142,12.8917,20.1153,12.4477,23.4094,6.5928,24.9873,10.1489,7.7671,7.7698,8.3217,5.6095,8.6059,4.0540,7.7042,7.9593,6.0671,11.5479,6.1926,15.0623,6.2317,13.1095,14.6198,8.0459,7.0504,7.4803,6.2111,9.5435,7.3291,8.5678,7.4032,4.3915,8.1270,4.8100,8.2614,5.8277,8.7815,9.6228,8.0587,5.6196
Tricosane,Alkane,2300,25.076,25.074,25.079,8.5281,6.4404,8.1596,10.1744,7.8012,8.0764,9.0378,9.3485,9.9581,9.3109,9.1341,9.6476,8.2805,9.1857,9.1034,12.6364,11.8525,14.6172,11.9933,8.1422,8.1808,7.8967,8.6103,11.9238,11.2520,9.3814,9.9294,8.9138,8.0279,9.2809,9.2815,7.8375,9.6370,8.9676,12.9871,18.1330,11.4252,12.8545,10.5772,8.8219,9.9594,10.2106,8.9713,7.9347,8.5781,8.0765,7.9672,8.4315,8.4416,8.6799,10.6012,7.7944,7.8473,8.3785,9.2346,7.8560,14.3197,10.2352,9.4210,10.8915,10.6780,7.8250,9.2312,8.8957,7.9566,10.7311,7.8714,13.8931,8.3544,9.3038,8.4904,8.3266,9.7410,9.8936,8.6291,8.9696,8.9399,8.6043,9.1208,9.9090,10.3006,8.9718,8.4511,9.2198,10.0914,6.8499,9.8149,7.4288,8.3135,6.9624,8.0455,7.9488,7.9481,16.4398,15.8901,11.7943,16.4161,16.9463,16.6162,16.1310,13.8691,14.4789,18.5706,15.0133,15.7220,17.1965,14.6154,15.6989,14.3980,12.7513,27.0939,28.1108,19.9147,14.8120,11.3038,14.8861,17.1493,20.2924,16.6699,15.2327,19.7789,19.6739,16.6047,18.6040,16.4863,21.0069,16.5092,20.1955,25.4501,17.9168,18.0236,19.7348,16.6637,15.3267,21.1327,18.6017,18.2173,19.7757,16.6693,17.7844,10.1388,14.6695,15.4825,16.6691,16.8842,15.2984,15.9614,9.7976,18.8461,12.3353,16.8388,21.3911,19.7696,16.5292,19.1974,14.2845,17.8957,16.8385,11.6595,15.3357,12.2801,19.9214,18.1618,15.4209,14.7062,17.1843,20.2056,16.9976,18.6344,17.5366,15.3886,18.4751,17.5042,15.1485,16.1694,18.8343,16.8524,22.8373,21.3741,6.8476,14.2411,13.9041,17.0060,13.5059,16.5767,15.3881,8.5129,9.6694,8.7874,12.9332,9.3378,9.6596,9.8085,9.6358,20.4188,20.5522,15.5579,8.9679,16.6969,21.4747,20.9783,14.6430,8.0632,33.7272,12.2903,9.9160,7.7399,12.9251,14.3721,22.7518,21.6669,19.0780,12.4554,14.9502,22.8378,21.7824,18.0761,7.0182,23.7524,10.1930,8.6054,7.1117,11.1393,9.4606,17.7693,23.8513,16.0476,10.5955,11.7398,18.8222,20.0871,14.6752,7.7981,29.8596,16.5150,10.2318,7.8743,10.9512,9.9924,18.3510,17.8857,13.5259,8.7300,9.0624,16.6866,15.9236,12.7500,8.0581,25.3582,11.3150,10.6893,7.1552
"Decanoic Acid, Dodecyl Ester",Ester,2376,25.616,25.619,25.614,0.2063,1.4442,0.2905,0.2311,0.2422,0.2841,0.1721,0.1497,0.1660,0.2738,0.5413,0.2845,0.2158,0.1491,0.2263,0.1253,0.6333,0.3108,0.1738,0.1542,0.1943,0.4461,0.3287,0.1856,0.1872,0.2191,0.1423,0.1527,0.1853,0.8672,0.5256,0.2159,0.3597,0.3791,0.2458,0.4604,0.1829,0.1982,0.1664,0.3162,0.1780,0.1682,0.3080,0.2799,0.2824,1.0925,0.1236,0.1506,0.2137,0.1907,0.5571,0.1667,0.1274,0.2068,1.3210,0.2214,0.2512,0.2104,0.2731,0.1827,0.7004,0.2896,0.1386,0.1584,0.1270,0.2903,0.1897,0.2669,0.1940,0.1445,0.2171,0.6438,0.4296,0.3188,0.2599,0.1957,0.2333,0.3244,0.5082,0.4128,0.3680,0.5797,0.4149,0.4356,0.1555,0.6223,0.5062,0.3531,0.1460,0.1296,0.1166,0.1954,0.1986,0.5323,0.3488,0.2567,0.3412,0.3716,0.3635,0.4596,0.3864,0.2930,0.3838,0.3293,0.5291,0.3841,0.4037,0.4462,0.4364,0.3845,0.7093,0.7616,0.5734,0.4314,0.3278,0.4478,0.4854,0.5251,0.4354,0.5722,0.4795,0.4512,0.4904,0.4906,0.4233,0.5357,0.4857,0.5730,0.7252,1.1194,0.6067,0.7374,0.6404,0.6154,0.7384,0.6544,0.6182,0.5725,0.6221,0.5627,0.2886,0.4382,0.3832,0.4435,0.4748,0.4237,0.4774,0.2779,0.6493,0.2908,0.4176,0.5364,0.4884,0.4004,0.5176,0.3432,0.4119,0.4024,0.2613,0.3987,0.2545,0.5502,0.3948,0.4473,0.4195,0.4189,0.4651,0.4536,0.3581,0.3627,0.5532,0.3861,0.3683,0.2801,0.3073,0.3623,0.4399,0.4422,0.4081,0.1500,0.2946,0.5369,0.3562,0.2623,0.3064,0.3121,0.0993,0.0838,0.0885,0.6733,0.6177,0.4445,2.3124,1.2263,0.1206,0.0872,0.0881,1.1755,0.9454,0.1360,0.0872,0.0860,0.1569,0.7368,0.1718,0.1052,0.1256,0.2983,1.2571,0.1110,0.0731,0.1380,0.1531,0.9870,0.1195,0.0725,0.1389,0.1084,0.3032,0.0950,0.0535,0.0930,1.6651,1.2873,0.1015,0.1564,0.1055,0.1353,0.9888,0.1029,0.0699,0.0999,0.1210,0.6050,0.1445,0.0748,0.1186,0.0539,1.2021,0.1078,0.0732,0.0864,1.9454,1.0458,0.0997,0.0657,0.0748,0.0949,0.5642,0.1262,0.0813,0.1158
Tetracosene,Alkene,2381,25.663,25.646,25.679,2.2049,0.8624,1.0642,1.6140,1.9550,2.4232,1.1513,1.5174,1.5760,2.3997,1.0921,2.0900,1.6771,1.8557,1.4894,0.6018,1.0787,1.0635,0.7123,1.2188,0.8647,1.1404,2.1271,1.0883,0.4698,1.7250,1.7230,1.0493,2.0076,1.5720,1.8643,1.7922,1.5898,1.6542,1.1573,0.7562,0.9080,1.0061,1.5261,1.0359,1.6740,1.3296,1.6636,1.5181,1.6073,1.4597,0.6327,1.2344,0.9863,0.8038,1.3632,1.5500,1.6240,1.4411,1.1852,1.3588,0.8361,0.9765,1.5368,1.1685,1.3492,0.9562,1.0367,1.2326,0.7426,1.7847,0.5799,1.3664,1.4194,1.8532,1.7925,1.8291,1.6167,1.1910,1.0107,1.0031,0.7983,1.4700,1.2186,1.1148,0.6405,2.1705,1.6297,1.6806,1.2166,0.2634,1.1283,1.2765,1.5369,1.0084,1.8302,1.8740,1.8478,0.3440,0.5296,0.1205,0.1751,0.3840,0.1959,0.4221,0.4754,0.3217,0.4919,0.4928,0.3270,0.4625,0.3430,0.3631,0.5196,0.0675,0.1725,0.1703,0.2161,0.1815,0.0638,0.4678,0.3767,0.1180,0.0748,0.3893,0.3261,0.1517,0.4359,0.5954,0.4466,0.3553,0.2404,0.4406,0.2467,0.1458,0.0918,0.2868,0.2672,0.1396,0.0942,0.2224,0.1747,0.1683,0.2274,0.2776,0.0938,0.2526,0.2237,0.1583,0.2790,0.2994,0.2483,0.1951,0.3785,0.1111,0.5149,0.1728,0.2811,0.2615,0.2777,0.1486,0.2250,0.2485,0.1299,0.0731,0.0701,0.5467,0.2057,0.4670,0.4619,0.3912,0.3527,0.2782,0.1459,0.3003,0.2446,0.2109,0.2264,0.1279,0.1852,0.2135,0.2594,0.1485,0.1667,0.0282,0.2695,0.2944,0.2618,0.1243,0.2274,0.3686,1.7729,1.2069,0.9673,0.9511,1.2563,0.7838,1.2286,0.3096,0.5683,0.3600,0.7025,1.6163,0.3677,0.5296,0.3976,0.6177,2.7357,0.8553,1.3927,1.4083,2.4843,1.5531,0.6242,0.6560,0.4967,0.8183,1.5174,0.5638,0.6147,0.4588,1.0435,2.9994,0.7070,2.5836,2.4662,2.8943,0.8953,0.3684,0.4083,0.2350,0.4186,1.5754,0.4344,0.6792,0.3135,1.1010,3.0463,0.7008,1.5751,1.4405,2.2424,0.9575,0.3114,0.4467,0.3752,0.4943,0.8863,0.2482,0.4033,0.2370,0.4192,2.8009,0.7734,2.0079,1.5484,2.4435
Tetracosane,Alkane,2400,25.826,25.826,25.826,4.4213,2.4113,2.7323,3.4782,3.8819,4.3859,3.9095,3.6529,3.8861,3.6726,3.7202,4.0625,4.2682,4.3170,4.1425,0.9238,0.9849,0.9828,3.6361,3.5524,2.4552,4.2030,4.2020,1.7748,1.1936,4.2834,4.5863,3.8884,4.9545,3.6785,4.3869,4.8375,3.6196,4.4800,3.6735,2.7987,3.9085,3.5702,3.9832,3.9018,4.2500,4.3071,4.3117,4.2345,3.9425,4.3349,2.0394,2.5403,3.3458,2.4293,1.4523,3.6242,4.1789,3.5214,1.5441,3.1663,2.6384,3.7298,4.6160,2.9957,1.5435,3.2242,3.4587,3.5582,1.7983,2.0005,2.2572,1.9122,4.1235,4.3362,4.5040,4.4244,1.5113,3.7079,3.3972,3.5279,3.1878,3.6062,1.5032,1.0669,1.6444,4.5703,4.1775,4.1860,4.2526,1.0563,1.4578,3.5458,4.5573,3.4628,4.8498,4.8346,4.3798,1.7610,1.3366,0.6229,1.0203,1.2108,1.3676,1.9993,2.0637,1.6379,1.1012,1.0326,1.7878,1.1549,0.8526,1.0180,1.0881,0.5079,0.9291,1.0003,0.9804,0.8651,0.5295,1.0147,1.0926,0.9162,0.6736,2.3813,1.7947,1.2700,2.1921,1.3578,1.0446,1.3825,1.5646,1.4831,1.2786,1.4274,1.1025,1.1467,1.1569,0.8263,1.8934,1.8025,1.7337,0.8847,2.0662,1.8249,0.5542,1.1660,0.9597,0.7940,0.7300,1.0585,1.7222,0.6065,1.2550,0.8345,1.3739,1.7265,1.6171,0.8679,0.9197,1.2222,1.2236,1.1351,0.5447,0.9538,0.6520,1.1482,1.7291,2.2715,2.7262,1.9183,0.7759,1.8303,1.1243,1.1545,1.8182,1.2444,0.7095,0.4961,0.6515,1.4466,2.1954,1.6091,1.4555,0.2454,0.6132,2.4000,1.8021,1.0184,1.6499,1.5457,5.1102,4.2181,4.4601,4.7556,5.3822,4.7966,2.6297,1.9684,0.9268,1.2262,1.1514,3.3021,1.6119,1.1041,1.4291,1.9855,4.2613,1.8029,5.2908,5.1912,4.7808,2.5877,1.9460,0.6390,1.1385,0.8459,3.1400,1.5509,0.7256,1.2228,0.8988,3.9302,0.8114,3.8082,4.0083,4.4944,1.1679,1.7605,0.4629,0.6161,0.6686,3.2483,1.4959,0.9498,1.1407,1.0434,4.1136,1.1751,2.7799,3.9529,4.9103,1.7606,1.6815,0.6152,0.9030,0.7181,1.3464,1.4975,0.6000,0.5384,0.5460,4.4814,1.2653,4.1296,4.1456,4.6753
Pentacosene,Alkene,2485,26.527,26.525,26.530,10.2253,7.5062,8.8160,11.3381,9.0618,9.2332,10.4760,11.2750,10.1758,10.5468,10.9059,10.7918,9.0322,9.8574,9.6596,14.9398,15.0629,15.3344,11.4877,9.0813,8.9226,9.0292,9.5439,13.5447,11.7757,10.5466,11.3091,10.3778,9.1521,10.6095,10.8332,7.8205,10.8095,8.5400,12.4689,16.4137,13.2511,13.1587,12.2700,9.6507,11.4423,11.5008,10.7400,8.8128,10.1992,9.3748,9.1071,9.5759,9.1268,9.5761,12.6910,8.2369,8.3466,9.0551,10.8432,8.2993,14.4995,11.2379,10.3274,12.4899,13.5110,9.1973,10.0236,9.8118,9.3866,11.7649,8.2932,13.7650,10.0157,10.9208,10.2844,9.8931,12.8144,10.5876,8.5108,9.3960,9.0399,9.1180,11.6186,12.3052,12.6039,10.2947,10.3424,10.0915,11.5315,7.4315,12.7091,8.1984,9.1744,7.3959,8.9988,9.4321,8.8756,16.3839,21.2247,11.4021,11.4936,19.3773,13.2040,15.9814,15.7191,15.7249,22.1905,23.2199,16.0486,22.3226,24.7622,21.5609,24.6854,16.8706,16.2039,15.2007,16.0777,15.0700,7.8926,20.2294,20.9632,13.8897,12.2243,14.9444,16.9772,12.1588,17.3065,20.5742,23.7548,15.4495,13.3043,17.0076,14.2814,15.4268,11.9469,19.5035,20.8955,16.9334,10.2183,15.0769,13.7968,18.7092,13.6171,15.1293,9.7257,13.8765,12.5600,15.7206,23.3708,17.5577,14.3461,16.9429,16.7389,8.4564,18.9225,12.0283,14.9386,17.2036,20.7145,12.5189,14.9561,15.3639,14.2832,6.5206,6.3075,19.7487,14.1619,16.4602,15.5478,18.9574,22.9074,14.6914,10.9668,17.0875,12.1304,13.7475,17.8981,18.5093,19.2153,13.4422,14.3131,10.7234,12.8209,6.2946,21.7484,11.9482,15.9958,10.4606,15.6358,20.5707,8.6848,9.9137,8.9016,12.8325,9.5542,9.5664,9.6189,14.6960,23.2880,15.9157,16.3715,9.7203,13.6260,18.4147,16.2513,13.6203,6.8361,16.2500,12.5429,10.0098,7.5530,12.3255,11.5397,24.4796,16.2617,22.4092,11.3593,15.9881,23.4210,15.9585,24.2114,7.1754,22.9004,12.1081,9.4333,8.6747,13.2046,15.9438,28.8044,15.9716,18.6764,11.1456,17.7836,25.1564,15.1685,21.5749,7.0419,17.5429,18.2068,10.5566,8.3099,11.2060,19.4221,26.4090,17.7661,17.0930,11.2174,15.9025,24.9314,18.4494,19.6406,7.2781,25.3573,13.2250,11.5825,7.2522
Pentacosane,Alkane,2500,26.740,26.694,26.787,9.9294,6.7265,8.2467,11.0890,8.1823,8.6143,10.6052,11.0532,9.9585,9.8780,10.5749,10.5775,9.0534,10.1083,10.2866,12.2447,9.7139,11.7850,12.6759,8.7459,8.3310,8.7876,9.0045,11.1471,11.1086,10.3786,10.9425,9.3859,8.8852,9.2493,10.1312,8.2197,9.9445,9.0813,12.9558,18.1875,12.5021,13.2831,11.7736,8.9832,10.1296,11.5904,10.0513,8.5822,9.4636,8.6860,8.6434,8.4762,8.8418,9.0245,9.4734,8.1603,8.4428,9.0351,8.2714,7.9442,14.4259,10.0448,9.8770,10.9593,9.2198,8.6325,9.9769,9.5186,8.4649,9.5260,8.1432,12.1950,9.1555,10.9030,10.2035,9.4145,8.3288,10.6000,8.7931,9.5480,8.9168,8.8682,8.2038,9.1369,10.4538,9.5531,9.3666,8.8685,10.4491,7.1223,9.4873,7.6031,9.5498,7.6408,9.3899,9.6587,8.0669,23.0519,25.1003,18.5091,22.0539,23.7616,24.0798,18.6445,16.3719,22.7890,20.2731,23.0199,20.5054,24.4327,25.4238,26.7743,22.4704,19.6134,14.5282,15.9817,26.4455,25.3936,20.4643,20.6471,23.2083,22.9235,20.2087,17.2455,27.1285,28.2856,20.9829,19.1627,24.0237,26.6065,24.9756,21.9871,25.7415,26.3659,38.3621,24.7567,28.8922,20.9943,28.8624,28.7005,27.8390,16.7247,20.8700,23.2310,17.1393,16.2769,21.3300,22.4908,13.9729,22.0605,19.8039,20.7437,16.1640,17.4490,20.1523,24.1070,24.5843,22.8098,14.1439,20.5371,23.7346,20.7066,18.1195,22.1925,18.1648,14.3130,25.5196,17.8744,17.6520,21.5940,12.5856,18.6879,23.9342,21.5712,16.3273,21.6526,14.4663,17.0007,17.2898,29.0498,19.3865,27.0331,28.5846,11.4858,15.3430,15.0342,23.2441,18.4307,26.7082,24.0563,9.8136,11.7526,10.6360,12.4599,9.1306,9.7153,9.9346,10.3127,20.9806,22.4380,18.6894,9.0304,14.4107,24.2212,23.1102,16.9294,7.2535,19.5110,12.7234,10.4012,8.4355,11.9356,5.4741,16.2276,21.5230,16.4053,11.8753,6.7443,19.0965,22.4808,15.7364,6.3959,12.6263,10.7764,8.8406,8.7261,10.3585,5.1967,12.4121,25.6007,15.9403,11.1189,14.1784,22.6621,25.7825,18.0278,6.8472,14.5486,16.4073,10.5569,8.9249,10.7957,6.3375,17.3832,19.0666,16.1467,8.3684,6.3700,14.4075,16.7829,12.9536,7.7491,15.7617,12.0095,11.5082,8.5257
Hexacosene,Alkene,2584,27.338,27.338,27.338,1.7155,2.1545,1.3337,1.3931,1.7066,1.7458,1.4517,1.4479,1.4213,1.6272,2.5649,1.5007,1.4070,1.2467,1.2759,1.0137,1.3757,1.2358,1.0703,1.3808,1.2426,2.3647,1.5911,1.1954,1.1858,1.4798,1.3934,1.2455,1.7079,1.5383,1.5190,1.4037,2.0187,1.1938,1.0005,1.3703,1.1781,1.1514,1.3413,1.3355,1.4778,1.4079,1.6398,2.0014,1.6374,1.9167,1.2518,1.3506,1.4025,1.1342,1.6287,1.2863,1.4085,1.5070,2.4732,1.5888,1.1315,1.2055,1.4036,1.2336,1.8006,1.5410,1.2084,1.2235,1.1723,1.6965,1.1807,1.2550,1.4827,1.4609,1.5935,1.8414,1.6174,1.2632,1.2353,1.1699,1.4702,1.4480,1.5498,1.4144,1.3500,1.7649,1.6752,1.5396,1.1847,1.2062,1.5032,1.7515,1.4792,1.4657,1.5702,1.8809,1.8323,3.9975,3.2998,2.3521,2.7151,3.1520,3.2684,3.0301,2.7945,3.1295,2.6792,3.0004,3.7411,3.1429,3.5855,3.7666,3.5778,3.2804,2.8452,2.9481,3.8671,3.6683,2.7951,3.3655,3.5746,3.2877,2.9740,3.2362,3.7549,3.5814,3.5483,2.9018,3.4420,3.4812,4.0194,3.2229,3.7018,4.7569,5.1357,4.4507,4.9278,4.1105,4.9459,5.0225,4.8301,2.9977,3.9644,3.8935,2.5517,2.7145,2.9098,3.2519,2.8677,3.4085,3.4133,2.9904,2.8216,2.4959,2.9677,3.2866,3.3716,2.9451,2.5368,3.0968,3.1680,2.8502,2.4274,3.0561,2.1264,2.2987,3.4708,2.9585,2.9441,3.2096,2.2790,2.7048,2.6501,2.6507,2.8527,2.5916,2.0477,2.2430,2.3149,3.3067,2.8276,3.0121,3.2253,1.3907,2.2204,2.7169,3.1484,2.3279,3.3167,3.3008,1.3416,1.0681,1.1106,2.4178,2.4108,1.9677,0.8561,0.0000,0.2640,0.1029,0.2238,0.6826,0.0000,0.1640,0.0853,0.1261,1.5797,0.0000,0.2988,0.3351,0.8774,0.3589,0.0000,0.2057,0.0849,0.2861,0.2421,0.0000,0.1789,0.0761,0.3670,1.4200,0.2567,0.3529,0.4201,0.4912,0.7428,0.0000,0.4199,0.0556,0.2938,0.3610,0.0000,0.2294,0.0549,0.3236,1.2616,0.0000,0.2523,0.2575,0.3985,0.4883,0.0000,0.3683,0.1915,0.2868,0.8586,0.0000,0.3978,0.1973,0.3617,1.1686,0.2929,0.4366,0.3697,0.8209
Hexacosane,Alkane,2600,27.477,27.463,27.490,1.3396,1.6907,1.4926,0.9829,1.6094,1.5732,1.3228,1.1734,1.4203,1.0564,1.3821,1.0212,1.4060,1.1105,1.1256,0.6760,0.5334,0.4939,1.0027,1.5617,1.8639,1.6548,1.2685,0.7984,0.9956,1.1447,1.1458,1.3298,1.6528,0.9416,1.2870,2.0316,1.3132,1.2294,0.8404,0.8717,0.8771,0.7658,0.9032,1.2665,1.0914,1.1195,1.3107,1.8199,1.4358,1.5269,2.1968,1.6618,2.1643,1.2985,0.7324,1.3834,1.8557,1.7410,0.9841,2.4829,0.6942,1.0214,1.1240,1.0012,0.7612,1.6932,1.2660,1.2064,1.2996,0.9260,1.9811,0.7943,1.4620,1.2067,1.5520,1.4760,0.7525,0.9639,1.4702,1.1929,1.8814,1.3728,0.7986,0.7096,0.8838,1.2004,1.2507,1.2431,1.0629,1.6707,0.8379,1.8027,1.7350,2.6428,2.0996,2.0707,1.9383,1.6738,1.3003,1.1615,1.3130,1.2846,1.5666,1.3674,1.2910,1.5368,1.0432,1.1476,1.7178,1.1654,1.2910,1.4000,1.2773,1.3141,1.0390,1.1357,1.4344,1.5324,1.2908,1.2763,1.3851,1.3666,1.3159,1.4109,1.5415,1.5175,1.5716,1.1091,1.2444,1.3117,1.8129,1.2189,1.3233,1.7146,1.8979,1.5492,1.7501,1.5212,2.0358,2.0189,1.9965,1.2119,1.7700,1.6546,1.2557,1.2265,1.3394,1.2836,1.0542,1.4028,1.6359,1.2878,1.1517,1.5250,1.2115,1.4275,1.3936,1.1699,0.9744,1.5667,1.4243,1.2309,1.0946,1.5572,1.2423,0.9190,1.5948,1.3230,1.4261,1.3905,0.8305,1.1980,1.2612,1.1352,1.4026,1.1454,0.8445,0.9346,0.9490,1.3805,1.3271,1.3037,1.3500,0.8444,0.9184,1.4293,1.5445,1.3818,1.6126,1.4877,2.9891,1.9479,2.4050,1.2818,1.6583,1.6199,0.8895,0.0000,0.7217,0.6338,0.7903,1.0474,0.0000,0.9189,0.7486,1.3030,3.2550,0.9421,1.7793,2.0430,3.9832,0.6225,0.0000,0.3521,0.3274,0.6658,0.7003,0.0000,0.4629,0.3897,0.6513,2.7478,0.3253,1.2841,1.3670,3.6931,0.5095,0.0000,0.3559,0.2447,0.6635,0.7332,0.0000,0.6931,0.5999,0.7822,2.7569,0.0000,0.9210,1.1998,3.3487,0.9354,0.0000,0.6173,0.5424,0.7752,0.6860,0.0000,0.5598,0.4214,0.5800,3.2224,0.6020,1.4867,1.5359,4.2911
Docosyl Acetate,Ester,2611,27.559,27.545,27.572,0.8568,0.9043,0.8269,0.6929,0.9112,0.9065,0.8029,0.7656,0.7524,0.7648,1.0975,0.7177,0.8839,0.7259,0.7486,0.3671,0.3344,0.3238,0.6379,0.9581,0.7927,1.2367,0.8852,0.4284,0.5118,0.7854,0.8053,0.8175,1.1209,0.6075,0.7216,1.0478,0.8443,0.6747,0.4432,0.5624,0.6457,0.5828,0.6860,0.6822,0.6783,0.7944,0.8605,1.1886,0.8217,0.8773,0.8004,0.7064,0.8520,0.7335,0.4040,0.9407,1.0551,0.7057,0.5719,0.8226,0.4678,0.6904,0.7733,0.5302,0.4415,0.8905,0.8576,0.8149,0.7050,0.5166,0.8188,0.4382,0.9247,0.8038,0.9477,0.8203,0.4019,0.7054,0.8442,0.8017,0.8523,0.7651,0.4490,0.4014,0.4620,0.6952,0.8125,0.6409,0.6842,0.7449,0.4416,1.0271,1.0743,1.2223,1.1258,1.0528,0.9982,1.3056,1.0257,0.8430,0.9655,1.0084,1.1434,1.0568,1.0189,1.1102,0.8220,0.9106,1.2971,0.9451,1.0394,1.1289,1.0483,1.0420,0.8638,0.9297,1.1747,1.1901,0.9741,1.0310,1.1119,1.0577,0.9973,1.1358,1.2025,1.1616,1.1957,0.8839,1.0110,1.0535,1.3525,0.9796,1.0893,1.5341,1.5410,1.3094,1.4526,1.2584,1.5995,1.5989,1.5701,0.9542,1.3679,1.2824,0.9179,0.9395,1.0012,1.0154,0.8566,1.0942,1.2120,0.9795,0.9007,1.0315,0.9338,1.0782,1.0837,0.8959,0.7707,1.1234,1.0785,0.9556,0.8185,1.1199,0.8595,0.7187,1.1880,1.0504,1.0979,1.0658,0.6718,0.9562,0.9360,0.8701,1.0477,0.8850,0.6450,0.7079,0.7228,1.0549,1.0145,0.9822,1.0316,0.5714,0.6700,1.0550,1.1120,0.9509,1.1715,1.1074,0.7161,0.5740,0.6160,0.9819,1.1516,1.0808,0.3989,7.3089,0.5889,0.4475,0.4432,0.4791,5.9964,0.5709,0.4371,0.3478,0.6221,2.8368,0.4069,0.3433,0.3785,0.3606,6.5516,0.5344,0.4187,0.5250,0.3288,5.9057,0.5857,0.4456,0.5900,1.2649,1.7704,0.4114,0.3810,0.3861,0.4133,7.2232,0.6961,0.9767,0.5329,0.4095,6.2215,0.5709,0.4572,0.5312,1.5559,3.2390,0.4339,0.3496,0.3296,0.3481,6.9222,0.6411,0.4394,0.4653,0.4412,6.7119,0.5927,0.4503,0.4932,0.5028,3.0450,0.4605,0.3819,0.3706
Heptacosene 1,Alkene,2682,28.145,28.140,28.150,3.8971,3.5656,4.1812,4.1125,4.1631,4.0679,4.2151,4.0522,4.6910,4.5139,2.9120,3.6953,3.7087,3.2712,3.2819,4.9869,3.8525,3.7740,2.1808,4.0129,4.1232,3.2095,3.8244,4.9248,5.9930,3.5637,3.3002,3.0549,3.4505,3.0038,3.3608,2.7024,3.6688,2.6711,2.1334,1.3699,1.9662,1.7863,2.8034,2.8989,3.9398,3.3941,3.7576,3.5665,4.0144,3.2630,4.6563,4.4386,4.0468,4.1157,4.9530,3.8844,3.9983,4.6001,4.8412,4.2464,2.3884,2.5251,2.8125,3.7498,4.0996,4.1689,3.9563,3.6627,4.5892,5.1930,3.8729,4.9806,3.7683,3.7029,3.6494,3.7095,5.1517,3.3180,3.9378,3.8569,4.0933,4.0599,4.6115,5.3703,4.4773,3.3888,3.2974,3.0569,2.7070,3.8727,5.3860,3.6519,3.9174,3.8781,3.8379,4.2086,3.6938,1.6531,1.5681,2.5417,2.1393,1.8220,1.9486,1.8854,2.1402,1.6558,2.0555,1.7719,2.0117,1.4501,1.7129,1.3434,1.5595,2.6246,1.6192,1.5654,1.4418,1.9797,2.1941,2.0010,1.7298,1.7244,2.8571,1.4092,1.3454,1.5424,1.6431,1.4319,1.4304,0.9627,1.9484,1.0800,0.9006,1.2939,1.1514,1.2321,1.3339,1.9068,1.4494,1.3859,1.4435,2.7306,1.4726,1.4374,2.4043,2.1839,1.8333,2.1370,2.4554,2.2543,2.3264,3.1242,2.0833,2.5431,1.6651,1.5485,1.2329,2.0057,2.1552,2.4985,1.8268,1.7586,3.0225,1.9126,1.8002,2.0810,1.6186,1.5494,1.6294,1.5911,2.1853,1.4713,1.6721,1.8636,1.8893,1.6255,2.2655,3.5951,2.4659,1.1199,1.1601,1.2323,1.1240,2.2959,3.9022,1.7613,1.7866,2.4264,1.5736,2.0560,4.2474,4.7653,4.7057,1.7802,2.9865,2.7556,4.2220,2.3090,2.0157,1.8270,2.5384,4.0717,2.3583,1.2135,1.5235,2.0643,2.4168,1.5472,3.8016,4.1334,3.0092,3.8527,1.7143,1.2889,1.4897,1.5743,2.7782,2.0438,1.0110,1.2261,1.4408,2.4356,1.0098,4.1978,4.1244,3.4730,4.9657,3.0665,2.9165,1.7654,2.6029,3.8061,2.3756,1.5973,1.2219,2.1920,2.7593,1.4029,2.4867,3.5633,3.4891,5.9269,3.2809,3.0147,3.4693,3.1977,4.9506,4.4173,2.8939,3.1226,3.2092,3.1828,1.9501,4.9238,4.7185,2.8075
Heptacosene 2,Alkene,2688,28.194,28.194,28.194,4.0698,6.5454,6.8731,4.3327,6.4248,4.9775,4.8105,4.8321,5.3083,4.1662,4.2006,3.8540,4.2538,3.4965,3.4729,9.0823,8.8550,6.0971,3.3414,6.4196,7.7684,4.8967,4.7454,8.4309,8.6253,4.1462,4.6992,7.4187,4.4019,4.8484,4.8903,4.0878,5.3123,3.1299,3.1473,2.8247,4.3341,2.7243,3.8223,5.9498,7.1217,4.6581,5.6437,5.8326,6.0403,5.3983,8.7144,7.8954,7.6246,7.5089,8.5143,4.4521,5.1780,5.6833,7.5671,7.4981,3.6781,6.5197,4.3948,6.8572,9.6746,7.6031,5.6920,5.5448,7.6957,6.4510,8.1515,5.7894,6.9478,3.8981,4.5353,4.6530,8.6953,4.5429,5.3841,5.1586,7.6494,5.5895,9.5405,8.2774,9.3871,5.2827,5.5431,6.3584,6.1662,7.9630,9.3973,6.8345,4.6415,6.7798,4.3238,4.5415,6.7823,2.2644,2.3303,5.8562,4.6029,2.6217,3.7631,2.9826,3.0967,2.4169,2.8317,2.5656,2.8289,2.1393,2.4992,2.1000,2.3582,6.5138,4.5792,2.8722,2.5328,3.5390,5.4350,3.0140,2.7679,3.7840,5.1083,2.1268,2.2968,4.3022,2.3612,2.7828,2.5082,1.7609,3.1536,1.8401,1.6397,3.3877,2.2020,2.1610,2.2193,4.3883,2.9811,2.2549,2.5707,4.6235,2.8736,3.0197,7.2220,5.5966,4.7738,5.3223,5.3752,3.2656,3.6632,4.5974,2.9935,6.0814,2.9738,4.6074,2.3011,4.0524,7.0725,6.3623,3.4727,3.6019,6.4456,4.6369,5.9981,3.3375,3.8522,2.6092,2.6759,2.6871,5.8313,2.6307,2.9297,3.2816,4.5093,2.9906,6.6907,6.2620,7.5759,2.0782,2.5512,3.4842,3.0378,7.7078,7.1064,4.1175,2.6538,4.8251,2.3475,3.0613,5.6578,5.1671,6.4570,3.4543,5.0439,5.3764,3.4117,8.1109,3.1696,2.8065,3.1472,5.0932,7.4016,2.7297,3.1074,3.5233,4.8246,3.5268,5.5423,5.5691,5.5465,3.7267,7.3787,2.0338,2.0982,2.6355,2.6389,7.4417,1.6819,1.9106,2.3150,4.5215,2.2055,5.4693,4.6154,5.6980,8.7848,9.8004,8.7938,5.1830,7.3686,3.6085,7.3238,2.6538,2.0482,3.6494,4.6214,3.6414,4.4747,5.0200,5.5246,5.2468,8.4753,5.1909,5.4921,4.8217,9.1257,11.3920,9.8687,10.9966,10.6885,4.4498,3.6779,6.4811,5.7828,5.3585
Heptacosane,Alkane,2700,28.382,28.330,28.434,6.6834,5.7303,6.6811,7.0344,5.8341,5.9497,7.4477,7.4669,7.6402,6.3143,6.6004,6.9713,6.6317,7.0217,7.3018,8.6445,5.0245,5.3068,8.7373,6.7780,7.6357,6.1935,6.2932,7.6699,9.7281,6.9199,6.8132,6.6223,6.2640,6.2757,7.1038,6.0102,7.1567,6.5850,7.5825,4.6001,7.4774,7.6049,7.1522,6.6884,5.9770,6.9742,6.4387,6.2026,6.6446,6.1866,8.4483,7.3755,7.6552,7.2919,6.2807,6.1859,6.2336,7.3192,6.1234,7.1606,7.3187,6.8108,6.6759,8.0480,5.7886,6.7313,7.3076,6.8946,7.2622,7.0120,7.5342,7.8658,6.3431,7.1196,6.9605,6.5505,5.6419,6.7713,6.8920,6.9754,7.3766,6.5830,5.7812,6.6998,7.9193,6.4061,6.3473,6.2712,6.8663,7.4882,6.9760,5.7537,6.7513,6.6652,6.7663,6.7473,5.7188,6.2025,5.2863,11.7121,10.8906,6.2465,10.4388,7.1540,6.9837,10.1847,4.8840,4.5606,7.5167,4.2080,4.2835,4.0687,3.6911,9.9826,4.0573,4.2770,5.0600,9.1893,14.6521,4.9892,4.8368,8.3156,11.4752,6.2279,5.6062,8.0161,7.6744,4.1069,3.5223,4.2337,9.3999,4.3576,3.1965,2.2078,4.4353,2.8147,3.4341,5.9024,7.3610,6.5126,7.3571,7.3534,8.4396,7.6369,15.1394,9.0145,10.6391,7.4490,5.0610,7.5921,9.9786,10.6672,6.6147,15.2187,6.1573,8.0319,6.9146,6.3539,4.8930,11.9485,8.6578,8.0212,10.7363,13.5139,15.1035,4.5192,9.0900,6.4777,7.5844,7.0187,3.9618,6.7622,9.8273,7.2735,9.2992,7.4216,6.4419,8.6372,7.6928,7.5733,8.1735,8.1540,7.3537,15.2623,6.9773,8.7570,9.7773,14.0236,10.2086,7.8854,7.5719,9.0005,8.1599,7.0290,6.2727,6.8837,7.3743,1.8307,4.9180,8.8451,10.3163,6.8218,2.0643,5.7367,9.0591,13.0210,5.1079,1.9053,9.0853,8.0240,6.9950,7.7842,0.0000,2.4422,7.7394,3.6909,8.0020,0.0000,2.3958,7.2932,2.8520,4.5790,0.9044,8.0140,6.7462,7.9605,6.6988,0.0000,3.4442,6.2408,7.7183,7.1181,1.4941,4.2665,9.9292,6.7214,4.7429,1.1533,7.1380,7.8392,8.1022,8.9326,0.0000,5.2073,9.2290,11.8066,6.2714,1.4583,4.3224,7.2835,7.5044,5.7333,1.4854,8.6172,8.8231,7.2613
Octacosene,Alkene,2782,29.012,28.996,29.029,0.4048,0.6174,0.4672,0.3695,0.4867,0.4374,0.3954,0.3927,0.4093,0.3911,0.6165,0.3688,0.3807,0.3346,0.3458,0.4001,0.4327,0.4225,0.3300,0.4299,0.4932,0.6122,0.4182,0.4080,0.5190,0.3691,0.3726,0.3516,0.4010,0.3891,0.3770,0.3496,0.5673,0.3124,0.2761,0.3914,0.3148,0.3172,0.3419,0.3962,0.3689,0.3626,0.3922,0.5604,0.4205,0.4330,0.6013,0.5009,0.4926,0.4101,0.4569,0.3896,0.4080,0.4629,0.6950,0.5936,0.3283,0.3360,0.3475,0.3825,0.4481,0.5089,0.3769,0.3755,0.4430,0.5294,0.5025,0.3918,0.3882,0.3524,0.3853,0.3976,0.4089,0.3465,0.4106,0.3574,0.5459,0.4282,0.5632,0.5676,0.4529,0.3864,0.3864,0.3769,0.3110,0.5739,0.5304,0.5317,0.3967,0.5571,0.3879,0.4298,0.4712,0.7348,0.6173,0.9655,0.9023,0.6600,0.8765,0.6698,0.6329,0.7673,0.5774,0.5660,0.8051,0.5453,0.6174,0.6017,0.5713,1.1534,0.7132,0.6958,0.7301,0.9390,1.2580,0.6867,0.6681,0.8757,1.1015,0.6282,0.6568,0.8254,0.7223,0.5651,0.5745,0.5542,0.9249,0.5404,0.5349,1.0976,0.7649,0.6438,0.6731,0.9599,0.8858,0.8109,0.8579,0.8568,0.8561,0.8063,1.2750,0.8696,0.9365,0.8793,0.7458,0.8227,0.9042,0.9774,0.7150,1.1565,0.6461,0.7803,0.6767,0.7163,0.6793,1.0158,0.8116,0.7568,0.9536,1.1168,1.0679,0.5550,0.8109,0.6041,0.6330,0.6493,0.5922,0.6098,0.7746,0.6760,0.8342,0.6658,0.6980,0.8536,0.7748,0.6829,0.6484,0.7098,0.6872,1.0579,0.7532,0.7443,0.7632,0.9593,0.7890,0.7187,0.4064,0.4020,0.4140,0.5767,0.5983,0.5569,0.3376,0.0000,0.1651,0.0616,0.1017,0.2701,0.0000,0.2017,0.0561,0.0271,0.8529,0.0000,0.1791,0.1513,0.3893,0.1698,0.0000,0.1071,0.0547,0.1373,0.1006,0.0000,0.0716,0.0662,0.1497,0.6960,0.0000,0.1558,0.1848,0.1020,0.4139,0.0000,0.4282,0.1410,0.3023,0.1568,0.0000,0.1145,0.0257,0.1613,0.6170,0.0000,0.1564,0.1336,0.1069,0.3262,0.0000,0.2732,0.1565,0.1510,0.6039,0.0000,0.5055,0.2971,0.4036,0.4759,0.0000,0.2176,0.1680,0.3673
Octacosane,Alkane,2800,29.187,29.176,29.198,0.4338,0.7690,0.5098,0.3228,0.4616,0.4179,0.3981,0.3606,0.4905,0.4072,0.5963,0.3658,0.4959,0.3857,0.4153,0.3361,0.2806,0.2455,0.3735,0.5318,0.7798,0.6787,0.4108,0.3646,0.4877,0.3710,0.3382,0.4174,0.5178,0.4108,0.4356,0.7226,0.6197,0.4547,0.3366,0.3505,0.2840,0.2818,0.3346,0.5784,0.3069,0.3128,0.3694,0.6363,0.4582,0.5486,1.0682,0.6993,0.8135,0.4591,0.3664,0.4911,0.5243,0.6344,0.5567,0.9502,0.3547,0.3503,0.3857,0.4354,0.3688,0.6017,0.3974,0.4068,0.5760,0.4757,0.8293,0.3242,0.4257,0.3565,0.4349,0.4607,0.3588,0.3072,0.4815,0.3878,0.7469,0.4292,0.4802,0.4187,0.4547,0.4151,0.4286,0.4219,0.3538,1.0322,0.4476,0.6330,0.4827,0.8752,0.5580,0.5125,0.5595,0.6173,0.4341,0.8838,0.7714,0.5000,0.7666,0.5718,0.5618,0.6839,0.3821,0.3761,0.7577,0.3540,0.3713,0.3925,0.3729,0.7998,0.4116,0.4071,0.4324,0.7763,1.1108,0.4751,0.4955,0.7178,0.9082,0.5796,0.5063,0.6590,0.6694,0.4225,0.3307,0.3779,0.8022,0.4117,0.2851,0.0000,0.3501,0.2483,0.3636,0.5980,0.7494,0.6738,0.7400,0.6760,0.8099,0.7303,1.2158,0.7943,0.8156,0.6379,0.5362,0.6831,0.8439,0.8136,0.6141,1.1990,0.5353,0.6546,0.5672,0.5288,0.5212,0.9447,0.6922,0.6326,0.8220,1.0555,1.0687,0.4081,0.6905,0.5302,0.5788,0.5585,0.4081,0.5240,0.6403,0.5223,0.7809,0.5178,0.5416,0.6424,0.6089,0.5376,0.6078,0.5727,0.5382,1.1140,0.5647,0.7145,0.6790,0.9174,0.6867,0.5869,1.1454,0.6557,0.8237,0.5727,0.6975,0.6825,0.5068,1.7663,0.5275,0.5175,0.6360,0.5068,1.4801,0.6832,0.5465,0.8395,2.2474,0.6553,0.8724,0.9090,2.8391,0.4055,1.6593,0.2922,0.3182,0.4275,0.4268,1.6554,0.3176,0.3833,0.3867,1.2188,0.4125,0.7084,0.6554,2.3263,0.4164,1.7804,0.4744,0.5153,0.6829,0.3928,1.5258,0.4636,0.5209,0.5887,1.1502,0.6820,0.5373,0.6022,2.4011,0.5908,1.6276,0.5584,0.4812,0.7783,0.5516,1.7890,0.5711,0.4920,0.6453,1.7426,0.6315,0.7816,0.7855,3.2771
Tetracosyl Acetate,Ester,2814,29.312,29.312,29.312,8.0917,6.5337,7.6145,8.7502,7.0764,7.4035,8.2697,8.5680,5.7905,8.2667,8.2890,7.9236,7.6611,8.1429,8.3818,0.7593,0.4818,0.4406,8.1777,7.4285,4.6280,7.8244,7.7155,0.5710,0.6109,8.5315,9.0062,7.8851,7.8729,6.8350,6.8870,6.7813,5.0064,7.2723,5.8192,5.5354,9.3087,8.5119,8.4927,5.8877,7.5131,9.2240,8.4856,7.4672,7.8505,7.4116,2.7081,4.4616,3.9804,7.6499,0.5539,7.7142,7.6892,4.6378,0.7299,2.9739,6.9555,8.0653,8.0365,2.8538,0.6142,7.0406,8.8222,8.4300,7.0709,0.6229,5.4643,0.5266,7.8692,8.8454,8.4327,7.6355,0.5975,9.2213,7.6234,8.3696,3.9247,7.2703,0.6065,0.5976,0.8441,6.4679,7.8283,5.6767,7.9172,6.1208,0.9041,7.1271,8.1903,6.9547,7.9916,7.7708,6.7115,3.4594,1.4780,1.8045,2.4581,2.2188,1.7844,4.5259,7.2895,2.3266,1.2092,1.1662,3.5456,1.5745,0.9239,1.1291,1.0341,1.5039,0.9748,0.9487,1.4467,1.5675,2.0526,1.0853,1.4617,1.1859,1.4459,7.5078,1.9223,1.4912,2.5613,0.9917,0.8544,0.8422,1.4787,0.9853,0.8502,1.3254,1.1198,0.9663,1.0979,1.3068,1.8720,1.5069,2.2118,1.1787,3.6905,1.9167,2.3425,3.6762,2.0597,2.0329,1.0478,1.3087,2.1546,1.4043,0.9863,1.8207,1.0430,1.4241,1.9681,1.0655,0.9492,1.7402,2.1267,2.7427,2.2554,1.8836,2.2154,0.7673,1.8919,7.1203,6.9755,3.0505,0.8398,6.9388,2.3634,2.3952,4.7226,3.3625,0.9207,1.0784,1.0335,1.1646,5.0634,1.1809,1.4234,1.7670,1.0454,6.6154,2.3267,3.1233,1.8219,2.0383,1.2470,1.7532,1.5587,7.1490,6.7614,7.3981,6.9019,4.2101,1.3928,2.8532,0.9797,7.7486,3.7320,1.3225,2.4691,1.2071,4.4817,1.4734,1.6321,3.4605,2.6516,4.3726,4.2967,0.4976,1.1787,0.6629,6.7620,3.8848,0.6787,1.8506,0.6373,5.7081,0.8862,2.4530,6.1499,2.3290,1.8605,4.5360,0.7326,1.0727,1.0131,9.3184,3.7991,1.4351,2.5315,0.9478,6.2364,1.6285,0.9890,6.7513,2.8401,4.4740,4.0441,0.8093,0.8928,0.9033,1.9097,4.2013,0.8454,0.7617,0.8216,5.0334,1.3775,0.9935,1.8735,2.4670
Nonacosene 1,Alkene,2884,29.983,29.978,29.989,2.8040,3.6605,3.9003,2.8530,3.7620,3.4359,3.3090,2.7911,3.1357,2.7468,2.5989,2.3333,2.8534,2.2244,2.2884,2.3989,1.5221,1.5540,1.5357,3.5207,3.7999,3.1014,2.8185,2.3534,3.2443,2.5740,2.2108,2.5078,2.7522,2.0749,2.0133,1.9664,2.4399,1.8539,1.1434,0.8359,1.4683,1.3085,1.9323,2.1107,2.6195,2.4758,2.7094,3.2446,3.1419,2.5836,4.6953,3.8165,3.5538,3.6039,2.9251,3.6048,3.7269,3.8628,3.2863,4.0300,1.4806,1.7252,1.9070,2.0589,2.0708,3.8238,3.2068,3.0086,3.9315,3.3203,4.0603,1.9381,3.0168,2.5641,2.6577,2.7579,2.6985,2.6982,3.6258,3.3261,3.7306,3.5216,3.2148,3.6275,2.7861,2.0381,2.3921,1.8631,1.8351,4.5106,3.5521,3.5776,3.2992,4.0567,3.1638,3.3145,3.2592,1.2733,0.9256,2.7117,2.2346,1.3201,1.8148,1.6909,1.9928,1.2529,0.9815,0.8796,1.7001,0.8763,0.9741,0.7682,0.7793,1.6751,0.9261,0.8986,0.9538,1.6689,2.7718,1.1281,1.0687,1.0265,1.6471,1.5317,0.8442,1.1379,1.1489,0.7854,0.7068,0.4915,1.5176,0.5855,0.4585,0.7446,0.6371,0.6108,0.6815,1.1675,1.0834,0.8850,1.0849,1.3973,1.3230,1.0691,2.6934,1.9956,1.6367,1.7419,1.3478,1.7141,1.9710,2.1356,1.2383,2.6105,0.9863,1.0338,0.8684,1.2257,1.2094,2.0936,1.5240,1.6134,2.5494,2.3273,2.7025,0.8945,1.2404,1.4817,1.5392,1.1352,1.0532,1.6987,1.7673,1.5770,2.0506,1.5985,1.4399,2.4752,1.4625,0.7472,1.2239,0.8790,0.8472,3.2774,2.1681,2.0012,1.4471,3.0159,1.2550,1.3266,3.7045,4.1111,4.4291,1.5755,2.5593,2.6459,3.0865,2.2847,1.2111,1.4170,1.5905,3.1567,2.1210,0.8516,1.1575,1.5266,2.8454,0.9406,2.2657,3.2324,3.3939,2.1253,2.0574,0.6421,0.8573,0.8980,1.5902,2.0362,0.5472,0.8168,0.7459,2.7185,0.6348,2.7497,3.4248,3.4546,3.4578,3.0028,1.8449,1.3415,1.9488,2.4553,2.1498,0.9431,0.9995,1.2786,2.9539,1.0249,1.2300,2.7860,3.2478,4.3381,2.7798,1.5066,1.8606,1.8171,4.3130,3.7311,1.9205,2.3123,2.3353,3.4095,1.1121,2.8778,3.1858,3.1977
Nonacosene 2,Alkene,2889,30.033,30.049,30.016,3.3060,6.3913,5.7782,3.5103,5.1091,4.0194,3.9567,3.6528,3.5792,3.0817,4.0979,2.9188,3.3892,2.7646,2.8186,4.8419,4.3819,2.7452,2.6004,5.1475,6.8290,4.7752,3.6480,4.5062,4.8511,3.4917,3.4122,5.6194,3.6446,3.5240,3.1085,3.1984,3.4172,2.4809,1.9904,1.6390,3.0047,2.2823,2.9801,4.3113,4.3326,3.6058,4.0401,4.9910,4.5928,4.2230,8.3653,6.5420,6.3782,6.2112,5.3839,4.1642,4.5241,4.0396,4.7420,6.4557,2.4564,4.0659,3.1830,3.8701,5.8983,6.4334,4.6480,4.5581,6.2371,3.6481,7.9801,2.4598,5.1657,3.2628,3.6024,3.6222,5.7651,3.8860,4.7183,4.4493,6.2441,4.5365,7.5305,5.7540,6.8726,3.2914,4.0996,4.0575,4.0820,8.8575,6.4580,6.1140,4.1621,6.5445,3.6111,3.6539,5.2582,1.5315,1.1584,4.4142,3.0862,1.5244,2.2050,2.2122,2.9136,1.4679,1.1843,1.1023,1.9523,1.1127,1.1165,1.0010,0.9908,3.0273,2.1636,1.4421,1.3431,1.9360,4.4629,1.3269,1.3062,1.6695,2.1103,2.3950,1.1227,1.9553,1.3439,1.1950,1.0640,0.7777,1.5544,0.7993,0.8118,2.0682,1.2115,1.1047,1.0368,2.0316,1.3498,0.9708,1.3021,1.8561,1.8766,1.5906,5.3565,3.6828,2.8038,2.7177,2.2056,1.6889,2.1559,2.2583,1.3033,4.5618,1.3135,1.8717,1.2156,1.7101,2.9140,3.3094,1.9447,2.3381,3.9814,3.6194,6.1928,1.1725,1.8308,2.3465,2.4348,1.5536,2.2905,2.6645,2.1606,2.0324,3.5500,2.1780,3.2786,3.1672,3.3758,1.0456,2.2142,1.6036,1.5279,8.6227,2.9104,3.6182,1.6052,4.2961,1.3714,1.4909,4.5637,4.3153,5.8438,3.0851,4.3871,4.9841,3.1240,9.9466,1.9912,2.5314,2.5011,4.1323,8.0595,1.7675,2.3956,2.8136,4.2726,3.0178,3.5343,4.2941,4.9069,2.7566,8.9906,1.1308,1.7110,1.4658,2.3510,8.1313,1.1211,1.7548,1.2526,4.2907,1.8520,3.7823,3.8720,4.4931,6.2311,10.6946,3.8530,3.4060,4.4285,3.1653,8.3263,1.6696,2.1327,2.1859,4.2063,3.6312,2.1811,4.1423,4.3398,4.1771,9.6585,2.3289,3.1042,2.9838,7.6632,10.7322,4.4493,6.1038,5.8798,3.7484,3.1424,3.9385,4.1847,5.0145
Nonacosane,Alkane,2900,30.202,30.164,30.240,4.0049,4.4762,3.7080,3.1671,3.2701,3.4096,3.9381,3.5521,5.2217,3.2762,2.9476,4.1915,5.2001,4.8872,5.3129,4.6484,2.4528,2.5839,4.6572,4.5001,5.6795,3.7853,3.8342,4.4806,5.3467,3.6991,2.7433,3.4962,4.6805,4.4983,4.9514,5.4349,4.7667,5.5418,3.9388,1.1809,3.3420,3.7908,3.5401,5.8577,1.7980,2.2857,2.6406,3.6048,3.7461,4.7601,6.1165,5.4280,5.7559,4.2322,4.1109,4.6715,4.3040,5.9449,4.1714,5.4414,3.0477,3.2018,4.0908,5.5562,3.3072,4.1681,3.6313,4.0113,5.4444,4.9025,5.2349,3.6727,3.3646,3.6272,3.9270,4.4013,3.5979,2.7699,4.2134,3.8922,5.0701,3.7142,4.0107,3.9469,5.5481,4.0811,4.1155,3.9297,3.6920,5.8336,4.2232,3.7180,4.2116,4.5191,4.7717,4.1604,3.3774,2.0530,1.6127,5.2365,3.1536,2.0286,3.0744,2.0393,2.2585,3.2417,1.4871,1.3948,2.6486,1.5008,1.4465,1.4065,1.2878,3.9888,1.5790,1.8382,1.5972,2.8432,5.4670,1.6923,1.4230,3.5118,3.7217,2.3065,1.3663,2.0561,2.8691,1.6881,1.0881,1.4342,2.6205,1.8037,1.0890,0.0000,1.2312,0.8810,0.9705,2.3806,1.9263,1.6438,2.1021,3.4879,2.9997,3.1043,5.4142,3.3401,3.2559,1.9916,2.4025,2.8350,3.3146,4.2488,3.3933,6.2465,2.5570,2.3412,2.5136,2.5570,2.0403,3.9158,2.4812,2.6871,4.4050,4.9626,5.6841,1.5257,2.4574,2.0401,2.3426,2.4576,1.6282,2.2102,2.9686,2.3082,3.1747,2.1894,3.1144,3.7845,3.3791,2.5408,3.2122,2.6130,2.3268,8.3342,2.7021,2.8463,2.9509,4.2385,2.8950,2.0036,6.6734,7.0994,6.6171,2.5712,3.9690,4.3077,5.0974,0.0000,2.0512,4.0073,6.1282,4.6363,0.0000,1.9487,3.3342,8.2687,4.9321,0.5040,6.5073,7.1006,6.6935,4.9426,0.0000,0.9602,3.4877,1.7353,5.3889,0.0000,0.9639,3.3039,1.2957,4.2699,0.2564,6.4230,6.0228,7.3793,4.5382,0.0000,1.5620,2.4734,4.7534,4.2666,0.0000,1.6555,4.4453,3.6018,4.4540,0.0000,2.9480,6.1975,7.8102,6.3865,0.0000,2.0462,4.1210,7.4763,4.6653,0.0000,2.0418,3.7603,4.6310,5.3722,0.0000,6.2515,7.3271,6.9304
"Hexadecenoic Acid, Dodecyl Ester",Ester,2959,30.769,30.769,not det.,0.5246,0.8330,0.6050,0.5188,0.5169,0.5585,0.4602,0.4980,0.4645,0.5390,0.7324,0.5445,0.5321,0.4811,0.5254,0.4917,0.6971,0.5407,0.4676,0.5128,0.5900,0.7217,0.5732,0.5015,0.5757,0.4931,0.4292,0.4490,0.4746,0.4897,0.5664,0.4936,0.6785,0.4996,0.3956,0.4659,0.4230,0.4315,0.4351,0.5202,0.3998,0.4471,0.4832,0.6655,0.4846,0.5966,0.6084,0.6168,0.6031,0.5327,0.6449,0.4907,0.4429,0.4845,1.2265,0.5692,0.4149,0.4225,0.4856,0.4728,0.6222,0.5370,0.4742,0.4915,0.5315,0.5900,0.5502,0.4053,0.4448,0.4255,0.4929,0.5271,0.4876,0.4979,0.5289,0.4619,0.5415,0.5511,0.8099,1.0719,0.8671,0.5460,0.5436,0.5756,0.4214,0.6919,0.7730,0.6413,0.5070,0.4923,0.4319,0.4645,0.5058,0.6062,0.4571,0.9028,0.7176,0.5230,0.6365,0.5756,0.6521,0.5882,0.4234,0.4124,0.6676,0.4334,0.4451,0.4399,0.4046,0.9128,0.5644,0.5597,0.5518,0.6716,1.0732,0.4976,0.4800,0.6686,0.7739,0.6617,0.4457,0.5613,0.5615,0.4142,0.4088,0.3868,0.6038,0.3970,0.3897,1.0676,0.5679,0.4872,0.4680,0.7200,0.5548,0.4893,0.5668,0.6759,0.6818,0.6163,1.0736,0.7704,0.7187,0.6561,0.5903,0.5983,0.6671,0.7672,0.5736,0.9680,0.4889,0.5353,0.5183,0.5571,0.5332,0.7532,0.5966,0.6257,0.8529,0.9178,0.9912,0.3899,0.5595,0.6022,0.6165,0.5239,0.4651,0.6361,0.6309,0.5576,0.7588,0.5725,0.6145,0.7341,0.6565,0.4964,0.6305,0.5228,0.5088,1.1867,0.6076,0.7267,0.5673,0.7949,0.5587,0.4988,0.3295,0.3468,0.3399,0.6129,0.6508,0.6457,0.0000,0.0000,0.0000,0.0000,0.0000,0.0000,0.0000,0.0000,0.0000,0.0000,0.0000,0.0000,0.0000,0.0000,0.0000,0.0000,0.0000,0.0000,0.0000,0.0000,0.0000,0.0000,0.0000,0.0000,0.0000,0.0000,0.0000,0.0000,0.0000,0.0000,0.0000,0.0000,0.0000,0.0000,0.0000,0.0000,0.0000,0.0000,0.0000,0.0000,0.0000,0.0000,0.0000,0.0000,0.0000,0.0000,0.0000,0.0000,0.0000,0.0000,0.0000,0.0000,0.0000,0.0000,0.0000,0.0000,0.0000,0.0000,0.0000,0.0000
"Hexadecanoic Acid, Dodecyl Ester",Ester,2973,30.916,30.916,not det.,0.4519,0.8631,0.5232,0.4531,0.4921,0.4958,0.4089,0.4360,0.3903,0.4695,0.6453,0.4969,0.4636,0.4150,0.4638,0.4158,0.6000,0.4868,0.3986,0.4335,0.5061,0.6380,0.5254,0.4230,0.4860,0.4440,0.3712,0.3807,0.4096,0.4383,0.4666,0.4114,0.5759,0.4374,0.3418,0.4151,0.3684,0.3728,0.3754,0.4453,0.3444,0.3865,0.4253,0.5621,0.4620,0.5578,0.5385,0.5275,0.5190,0.4654,0.5377,0.4114,0.3732,0.4042,0.9295,0.4730,0.3729,0.3601,0.4175,0.4003,0.5431,0.4926,0.4032,0.4256,0.4578,0.5009,0.4893,0.3512,0.3810,0.3674,0.4254,0.4593,0.4334,0.4462,0.4572,0.3993,0.4589,0.4977,0.6870,0.8380,0.6579,0.4684,0.5034,0.4915,0.3560,0.6539,0.6421,0.5917,0.4235,0.4212,0.3706,0.4020,0.4261,0.5614,0.4310,0.7962,0.6465,0.4831,0.5751,0.5191,0.5813,0.5335,0.3976,0.3883,0.6059,0.4070,0.4257,0.4208,0.3823,0.8467,0.5340,0.5386,0.5256,0.6152,0.9603,0.4687,0.4489,0.6110,0.7064,0.5918,0.4173,0.5199,0.5072,0.3827,0.3916,0.3668,0.5541,0.3683,0.3772,1.0378,0.5673,0.4825,0.4550,0.6778,0.5118,0.4556,0.5212,0.6170,0.6119,0.5587,0.9499,0.6811,0.6477,0.6055,0.5423,0.5450,0.5985,0.6915,0.5200,0.8420,0.4466,0.4880,0.4729,0.5249,0.4834,0.6698,0.5424,0.5651,0.7564,0.8151,0.8596,0.3614,0.5081,0.5393,0.5492,0.4703,0.4314,0.5681,0.5709,0.5065,0.6717,0.5187,0.5461,0.6589,0.5842,0.4566,0.5586,0.4766,0.4672,1.0124,0.5665,0.6398,0.5152,0.6989,0.5072,0.4571,0.2856,0.3007,0.2964,0.5365,0.5579,0.5503,0.0000,0.0000,0.0000,0.0000,0.0000,0.0000,0.0000,0.0000,0.0000,0.0000,0.0000,0.0000,0.0000,0.0000,0.0000,0.0000,0.0000,0.0000,0.0000,0.0000,0.0000,0.0000,0.0000,0.0000,0.0000,0.0000,0.0000,0.0000,0.0000,0.0000,0.0000,0.0000,0.0000,0.0000,0.0000,0.0000,0.0000,0.0000,0.0000,0.0000,0.0000,0.0000,0.0000,0.0000,0.0000,0.0000,0.0000,0.0000,0.0000,0.0000,0.0000,0.0000,0.0000,0.0000,0.0000,0.0000,0.0000,0.0000,0.0000,0.0000
Triacontene,Alkene,2983,31.034,31.025,31.042,0.5950,1.0664,0.6997,0.5723,0.6787,0.6576,0.5672,0.5557,0.5399,0.5442,0.8116,0.5857,0.6108,0.5247,0.5683,0.5303,0.5921,0.5513,0.4772,0.6081,0.7165,0.8588,0.6192,0.5401,0.5984,0.5643,0.4719,0.5112,0.5816,0.5422,0.5418,0.5323,0.7187,0.5076,0.4044,0.5086,0.4527,0.4544,0.4881,0.5648,0.4614,0.5012,0.5394,0.7753,0.6014,0.6545,0.8586,0.7152,0.7128,0.6322,0.6564,0.6541,0.6274,0.6059,0.9639,0.7352,0.4496,0.4445,0.5057,0.5162,0.6062,0.6917,0.5581,0.5707,0.6502,0.6720,0.7571,0.4420,0.5375,0.5002,0.5512,0.5957,0.5299,0.5539,0.6343,0.5673,0.7130,0.6443,0.7981,0.9157,0.7888,0.5395,0.5970,0.5378,0.4601,1.1014,0.7521,0.8109,0.6237,0.7992,0.5543,0.5701,0.6232,0.6993,0.5436,1.0645,0.8356,0.6156,0.7412,0.6597,0.7370,0.6642,0.5016,0.4887,0.7741,0.5157,0.5441,0.5268,0.4847,1.0546,0.6645,0.6892,0.6570,0.7798,1.2194,0.5969,0.5659,0.7551,0.8709,0.7262,0.5194,0.6515,0.6317,0.4847,0.4945,0.4513,0.7064,0.4578,0.4650,1.2750,0.7078,0.6006,0.5711,0.8435,0.6381,0.5660,0.6502,0.7726,0.7579,0.6969,1.2135,0.8587,0.8153,0.7674,0.6886,0.7145,0.7737,0.8788,0.6557,1.0753,0.5640,0.6027,0.5830,0.6473,0.6080,0.8584,0.6878,0.7157,0.9670,1.0466,1.1122,0.4525,0.6380,0.6663,0.6811,0.5893,0.5385,0.7129,0.7325,0.6486,0.8561,0.6612,0.6919,0.8572,0.7288,0.5617,0.6859,0.5890,0.5803,1.3541,0.6998,0.8052,0.6495,0.9120,0.6384,0.5797,0.5559,0.5434,0.6075,0.6430,0.7320,0.7270,0.5392,0.0000,0.1730,0.1670,0.1371,0.4573,0.0000,0.1374,0.1363,0.0710,0.8314,0.0000,0.1972,0.2219,0.4125,0.2389,0.0000,0.0618,0.0760,0.0989,0.1829,0.0000,0.0441,0.0832,0.0904,0.8759,0.0000,0.2047,0.2634,0.1331,0.5249,0.0000,0.3216,0.1397,0.2927,0.2889,0.0000,0.1165,0.0852,0.1426,0.6900,0.0000,0.1460,0.2369,0.1165,0.3253,0.0000,0.1929,0.1857,0.1280,0.6016,0.0000,0.3799,0.3122,0.3746,0.5182,0.0000,0.2279,0.2096,0.4425
Triacontane,Alkane,3000,31.214,31.200,31.227,0.5378,0.7900,0.5244,0.4755,0.5097,0.5017,0.4715,0.4633,0.4849,0.5217,0.6799,0.5308,0.5815,0.5029,0.5789,0.4515,0.4474,0.4439,0.4609,0.5286,0.5857,0.7244,0.5262,0.4609,0.4783,0.4788,0.4009,0.4381,0.5482,0.5584,0.4969,0.6707,0.6593,0.5547,0.4551,0.5982,0.4245,0.4390,0.4887,0.6109,0.3817,0.4240,0.4512,0.6335,0.4969,0.5879,0.6394,0.5796,0.5886,0.5252,0.5163,0.5855,0.5150,0.5635,0.7059,0.5740,0.5007,0.4075,0.4707,0.5000,0.4763,0.5694,0.4677,0.4943,0.5699,0.5533,0.5891,0.3928,0.4504,0.4446,0.4796,0.5153,0.4338,0.4509,0.5248,0.4873,0.5828,0.5055,0.5945,0.6316,0.6403,0.5149,0.5384,0.4580,0.4501,0.8180,0.5576,0.6182,0.5197,0.5909,0.5051,0.4815,0.4984,0.6304,0.4985,0.8933,0.7063,0.5485,0.6368,0.5623,0.6297,0.5940,0.4570,0.4499,0.6902,0.4726,0.5004,0.4976,0.4450,0.9724,0.6160,0.6550,0.6119,0.6860,1.0373,0.5395,0.5184,0.7082,0.7786,0.6365,0.4726,0.5770,0.5711,0.4479,0.4609,0.4302,0.6194,0.4318,0.4484,1.2619,0.6828,0.5799,0.5370,0.7908,0.5664,0.5106,0.5798,0.7088,0.6717,0.6330,1.0023,0.7275,0.7039,0.6646,0.6202,0.6143,0.6565,0.7658,0.6007,0.8996,0.5152,0.5365,0.5386,0.5959,0.5331,0.7259,0.6047,0.6202,0.8260,0.8856,0.9165,0.4130,0.5626,0.5832,0.5935,0.5274,0.4793,0.6133,0.6330,0.5605,0.7186,0.5723,0.6110,0.7378,0.6414,0.5252,0.6192,0.5351,0.5295,1.0993,0.6085,0.6791,0.5702,0.7400,0.5660,0.5033,0.6344,0.5040,0.5644,0.5581,0.6294,0.6341,0.2650,0.0000,0.2238,0.2924,0.4804,0.2354,0.0000,0.2277,0.2556,0.5931,1.3077,0.0000,0.5230,0.5788,1.4478,0.2357,0.0000,0.0876,0.1731,0.1959,0.2679,0.0000,0.0962,0.1850,0.1537,0.7420,0.0246,0.4632,0.3892,1.1686,0.2125,0.0000,0.1452,0.1618,0.4262,0.1987,0.0000,0.1830,0.2864,0.3461,0.6598,0.0000,0.2561,0.3600,1.1497,0.2570,0.0000,0.2099,0.2551,0.5731,0.2400,0.0000,0.1970,0.2352,0.3629,0.8866,0.0000,0.4795,0.4799,1.9997
Hexacosyl Acetate,Ester,3016,31.407,31.407,31.407,7.3211,5.8685,6.3530,5.8957,6.0763,6.3761,7.4055,7.0152,3.6476,6.4601,6.5627,6.0971,7.2223,7.5471,7.6237,0.7618,0.5121,0.4970,6.4486,6.2251,3.7931,7.0277,6.7010,0.5609,0.7674,7.7632,7.2529,6.6263,7.8313,5.3880,5.3538,7.2601,4.1628,7.6292,5.2424,2.9484,7.0558,5.8209,6.6434,5.7115,5.7606,7.3761,7.2651,6.2334,6.7069,6.3991,2.2582,3.3144,3.3566,5.8140,0.6154,7.6511,7.0390,5.3935,0.7976,2.8542,4.6834,6.6461,7.7317,2.8588,0.6296,6.0381,7.0712,7.1150,5.9334,0.6322,4.0649,0.5032,6.8729,7.6597,7.8368,7.3826,0.5624,7.9064,6.8846,7.6461,2.9594,6.0409,0.6511,0.7394,1.2662,5.5278,7.1883,5.3620,6.0306,4.5290,1.2551,6.2267,7.3718,6.4987,7.8600,7.9720,6.1327,1.8779,0.9077,1.3737,1.4035,1.1532,1.0580,2.1583,4.3555,1.4092,0.7262,0.7081,2.0061,0.9268,0.6141,0.7156,0.6568,1.1074,0.6970,0.6812,0.9040,1.0027,1.5611,0.7220,0.8656,0.8364,0.9605,4.8019,1.0360,0.8909,1.5342,0.6130,0.5618,0.5422,0.8948,0.6873,0.5633,1.0524,0.7301,0.6263,0.6753,0.9046,1.0356,0.8163,1.2239,0.8632,3.0349,1.1093,1.7582,2.6717,1.4168,1.3827,0.7692,0.9075,1.3765,1.0450,0.7409,1.3662,0.7396,0.8753,1.2479,0.7868,0.6799,1.1424,1.2578,1.5806,1.5530,1.3988,1.6106,0.4961,1.0470,3.8182,3.9347,1.7631,0.6100,3.8442,1.4586,1.4684,2.9047,1.8909,0.7445,0.8884,0.8042,0.7818,3.5367,0.7861,0.9047,1.6010,0.8060,4.2045,1.2530,1.8444,1.0532,1.1149,1.1643,1.6095,1.5292,2.2598,3.5008,3.7131,5.0443,5.1597,0.9212,1.7794,0.8945,6.9269,4.1964,0.8203,1.5000,1.0044,4.4489,1.4297,1.1763,2.6070,2.0428,3.1758,5.4129,0.4150,1.0624,0.5225,6.0627,4.5283,0.5393,1.4989,0.4814,5.8567,0.9227,2.0954,5.7512,1.8068,1.1726,5.9301,0.6546,1.0608,0.9344,8.7871,4.4431,0.8913,1.7830,0.7602,5.6719,1.8104,0.6698,4.5093,1.8385,2.4786,5.3793,0.6562,0.8457,0.9131,1.3698,4.9253,0.7070,0.7352,0.7906,5.3360,1.4209,0.8828,1.9202,2.1240
Hentriacontene,Alkene,3086,32.272,32.269,32.275,4.3268,7.9676,5.8797,4.0031,5.5346,5.1973,5.5611,3.9315,3.9052,3.5803,4.8340,3.7164,5.1711,4.0096,4.1443,2.9839,1.9860,2.2438,2.7190,5.7654,6.4774,6.5341,4.4626,2.9175,3.0399,4.3785,3.1674,3.9539,5.1843,4.0888,3.1208,3.7424,4.1385,3.6360,1.8643,0.8863,2.2784,2.1858,3.2978,4.1898,2.9179,3.2913,3.6771,5.3637,4.6777,4.6438,7.5987,5.6041,5.5749,5.3949,4.6647,7.0143,6.7353,5.7762,5.1678,6.1582,2.2777,2.4672,3.3976,3.0490,3.1238,6.2115,4.7583,5.2004,6.0660,4.6772,7.3735,1.6690,4.4934,4.0719,4.2103,4.8451,3.9403,4.6204,6.2705,5.9582,5.9577,5.6804,6.1631,6.1285,4.9652,3.0389,4.1583,2.9075,2.7874,10.4061,5.2697,6.3227,5.6341,7.5733,5.4048,5.1850,4.9288,1.5848,0.8748,5.1742,2.5938,1.4802,2.0174,2.0883,3.0812,1.4227,0.8226,0.7615,2.4269,0.9325,1.0081,0.7488,0.7893,1.6515,0.8957,0.9738,0.8820,1.8488,3.5850,1.1512,1.0421,1.0600,1.3427,2.4844,0.7323,1.0153,1.3937,0.9135,0.5886,0.4058,1.4507,0.6194,0.3979,0.7244,0.5499,0.5357,0.6013,1.0822,0.8593,0.6982,0.9801,1.6009,1.8627,1.2702,3.4309,2.6712,1.8421,1.7775,1.7177,2.5052,2.8971,2.4774,1.6013,3.3185,1.1773,0.8394,0.9096,1.1883,1.4904,2.4286,1.6440,2.1160,3.1480,3.2663,4.2284,0.7995,1.1934,2.0358,2.1604,1.3931,1.3182,2.6898,2.3829,2.1211,3.0828,2.0814,2.3079,3.3604,1.9975,0.7034,1.9923,0.7989,0.8119,8.1217,2.3018,3.0042,1.7128,3.8655,1.3905,1.2947,5.5013,6.4000,7.0792,1.7712,4.5031,4.4467,5.0227,3.2233,1.6772,2.3459,2.5949,4.6795,2.5769,0.9514,1.5523,2.3499,5.1597,0.9996,3.2998,5.2962,6.0592,3.3052,3.0585,0.7566,1.4428,1.1614,2.8625,2.6674,0.5620,1.2129,0.8526,5.4465,0.6902,4.6176,5.5760,5.8009,4.5686,4.1587,2.2458,1.6501,2.8039,3.8873,2.6785,1.0557,1.5065,1.5885,4.9012,1.1621,1.3194,4.3724,5.0094,5.0423,3.7508,1.6511,2.5371,2.3213,6.6694,3.9488,2.3380,3.3204,3.2679,5.2060,1.0924,3.7385,4.8465,6.3232
Hentriacontane,Alkane,3100,32.515,32.477,32.553,1.1458,1.8517,0.5851,0.7163,0.6286,0.7025,0.8558,0.7120,1.6233,0.8712,0.7941,1.4055,2.3101,1.8791,2.3031,1.3665,0.8145,1.0269,1.2469,1.0567,1.4780,1.1148,1.0049,1.5705,1.1033,0.8968,0.4522,0.5954,1.7108,2.0304,1.7247,3.6643,1.7450,3.0888,1.2139,0.3277,0.7801,1.2669,0.9899,3.6338,0.2461,0.3267,0.3993,0.7476,0.8233,1.9369,1.2873,1.5850,1.6253,0.7897,1.8079,1.8259,1.1195,2.6093,1.9133,1.5819,0.9369,0.5502,1.1371,2.1505,1.1747,0.8666,0.6082,0.9382,1.8946,2.1752,1.1071,0.9843,0.5989,0.8518,0.8554,1.3545,1.4584,0.4999,0.8674,0.8323,1.2654,0.7573,1.8495,1.3773,2.3670,1.1987,1.2866,0.9693,0.8496,1.9860,1.3343,0.8442,1.0087,0.8914,1.2632,0.8426,0.6168,0.7462,0.5442,1.7910,0.8335,0.6739,0.8527,0.5811,0.6511,0.8768,0.4695,0.4849,0.9514,0.6089,0.5610,0.5642,0.5516,1.3537,0.6571,0.8938,0.5628,0.8585,1.4654,0.6324,0.4969,1.3440,0.9704,0.7703,0.4253,0.5584,0.9876,0.7453,0.3963,0.4935,0.7617,0.7761,0.3844,0.0000,0.3242,0.3239,0.3266,0.9987,0.6089,0.5070,0.6689,1.4542,1.0267,1.1212,1.1825,0.9118,0.8135,0.5687,1.0793,1.0578,1.0463,1.3417,1.4613,1.4217,1.0002,0.6140,0.8732,0.9422,0.7516,1.0292,0.6912,0.8030,1.2800,1.3769,1.2975,0.5229,0.6649,0.6146,0.6507,0.8145,0.6647,0.6692,0.8381,0.7136,0.8742,0.6385,1.2381,1.3616,1.2101,0.8083,1.0781,0.7400,0.7064,2.2919,0.8294,0.7159,0.8319,0.9364,0.7826,0.5339,3.9457,2.5993,2.8252,0.6356,1.2335,1.2818,2.0593,0.0000,0.7847,1.4021,2.5639,1.3949,0.0000,0.5876,0.9098,2.8580,3.8508,0.0000,2.1975,3.4580,4.4905,1.9697,0.0000,0.4184,1.2832,0.7394,2.3130,0.0000,0.4302,1.1837,0.5727,3.3103,0.0000,2.5232,2.8905,4.3984,1.7177,0.0000,0.5034,0.9354,1.7876,1.3355,0.0000,0.5753,1.4259,1.3154,3.2417,0.0000,0.7654,2.1203,4.4853,1.9932,0.0000,0.6089,1.1315,2.3919,1.7525,0.0000,0.5691,1.0865,1.4607,4.0364,0.0000,2.0904,2.7571,4.9114
"Eicosenoic Acid, Decyl Ester",Ester,3163,33.341,33.349,33.333,0.1685,1.0982,0.4761,0.2672,0.3198,0.5074,0.1095,0.1427,0.0511,0.2034,0.0933,0.2426,0.1958,0.0869,0.1945,0.0937,1.1956,0.2043,0.0430,0.1514,0.2575,0.0517,0.4357,0.1073,0.1563,0.1005,0.1728,0.1594,0.0194,0.2089,0.4727,0.0723,0.1215,0.3339,0.1034,0.1424,0.0484,0.0114,0.0595,0.0212,0.1417,0.1736,0.3163,0.1704,0.1071,0.2010,0.2365,0.2277,0.3142,0.2211,0.6894,0.1715,0.1889,0.1005,1.4895,0.4774,0.0577,0.0810,0.1711,0.0826,0.5851,0.1615,0.0850,0.1257,0.0959,0.1322,0.1975,0.0864,0.1373,0.0786,0.2610,0.1449,0.4337,0.3205,0.3465,0.1468,0.0321,0.4702,0.8682,1.1439,0.3931,0.5469,0.3193,0.6690,0.0879,0.3444,0.9036,0.4090,0.1577,0.1635,0.0955,0.2091,0.2410,0.0000,0.0160,0.0000,0.0004,0.0072,0.0000,0.0000,0.0002,0.0000,0.0235,0.0220,0.0000,0.0172,0.0306,0.0242,0.0174,0.0239,0.0496,0.0392,0.0311,0.0000,0.0000,0.0140,0.0140,0.0000,0.0000,0.0000,0.0051,0.0045,0.0000,0.0042,0.0353,0.0130,0.0000,0.0000,0.0056,0.0000,0.0000,0.0000,0.0056,0.0277,0.0000,0.0000,0.0000,0.0000,0.0000,0.0000,0.0000,0.0000,0.0000,0.0192,0.0132,0.0000,0.0000,0.0000,0.0000,0.0000,0.0000,0.0000,0.0000,0.0054,0.0174,0.0000,0.0000,0.0000,0.0000,0.0000,0.0000,0.0136,0.0000,0.0000,0.0000,0.0000,0.0342,0.0000,0.0000,0.0031,0.0000,0.0047,0.0071,0.0097,0.0074,0.0000,0.0000,0.0000,0.0000,0.0000,0.0264,0.0000,0.0000,0.0000,0.0000,0.0016,0.0207,0.0411,0.0397,0.0000,0.0000,0.0001,1.1969,0.0000,0.0386,0.0646,0.0138,0.6504,0.0000,0.0391,0.0397,0.0000,0.1089,0.0000,0.0664,0.0830,0.0256,0.2484,0.0000,0.0000,0.0295,0.0049,0.1606,0.0000,0.0000,0.0288,0.0011,0.2093,0.0000,0.1014,0.1255,0.0138,1.5654,0.0000,0.0863,0.0045,0.0732,0.1993,0.0000,0.0083,0.0214,0.0102,0.1718,0.0000,0.0270,0.1252,0.0032,0.1511,0.0000,0.0282,0.0723,0.0023,0.7463,0.0000,0.1082,0.1111,0.1142,0.1141,0.0000,0.0765,0.0888,0.0000
Octacosyl Acetate,Ester,3215,34.121,34.119,34.124,0.3594,0.4788,0.3343,0.2393,0.3023,0.3105,0.2841,0.2433,0.1568,0.2997,0.4182,0.2634,0.4005,0.3391,0.3713,0.0807,0.1520,0.0762,0.2162,0.2985,0.2341,0.4786,0.3472,0.0890,0.0938,0.2972,0.2323,0.2517,0.4358,0.2514,0.2417,0.5853,0.3293,0.3927,0.1571,0.0572,0.1909,0.1714,0.2265,0.2759,0.1828,0.2491,0.2901,0.3889,0.2477,0.3052,0.1855,0.2036,0.2093,0.2465,0.1668,0.4993,0.3410,0.2703,0.3108,0.1899,0.1427,0.2260,0.3603,0.1650,0.1535,0.2688,0.2512,0.2929,0.2682,0.1646,0.2205,0.0589,0.2688,0.2632,0.3508,0.3149,0.1361,0.2974,0.3475,0.3430,0.2094,0.2870,0.2187,0.2284,0.1732,0.2792,0.3328,0.2756,0.1994,0.2980,0.2175,0.3952,0.2945,0.3532,0.3672,0.3806,0.3453,0.1639,0.0445,0.2613,0.1484,0.0874,0.1178,0.1708,0.2785,0.1205,0.0253,0.0212,0.2111,0.0362,0.0000,0.0031,0.0230,0.0463,0.0015,0.0000,0.0000,0.0999,0.2125,0.0490,0.0497,0.0800,0.0894,0.3017,0.0543,0.0550,0.1451,0.0552,0.0000,0.0008,0.0971,0.0472,0.0000,0.0000,0.0000,0.0000,0.0000,0.0037,0.0726,0.0509,0.0944,0.1135,0.2307,0.1305,0.2331,0.2410,0.1368,0.0817,0.0909,0.1356,0.1909,0.1520,0.1246,0.2208,0.0869,0.0665,0.0920,0.0588,0.0873,0.1625,0.1088,0.1480,0.1936,0.2140,0.2378,0.0381,0.0842,0.2307,0.2407,0.1253,0.0571,0.2433,0.1315,0.1189,0.2613,0.1356,0.1186,0.1346,0.1119,0.0415,0.2291,0.0501,0.0464,0.3437,0.0986,0.2958,0.1113,0.2047,0.0861,0.0772,0.1214,0.1069,0.1193,0.1889,0.2844,0.2711,0.2625,0.0000,0.0691,0.1061,0.1675,0.2598,0.0000,0.0492,0.0711,0.1802,0.3727,0.0000,0.1953,0.2181,0.3141,0.1408,0.0000,0.0000,0.0365,0.0485,0.1941,0.0000,0.0000,0.0449,0.0265,0.9871,0.0000,0.2144,0.2396,0.2997,0.2193,0.0000,0.0409,0.0000,0.1702,0.2552,0.0000,0.0291,0.0699,0.1079,0.6029,0.0000,0.0786,0.1906,0.2840,0.1353,0.0000,0.0407,0.0802,0.1700,0.1810,0.0000,0.0823,0.0857,0.1559,0.4300,0.0000,0.1819,0.1836,0.3804
"Unknown (m/z 434, 405, 126)",Unknown,3221,34.222,34.222,34.222,0.3950,0.5305,0.4194,0.3148,0.4888,0.5655,0.3784,0.2917,0.1428,0.2502,0.5321,0.2957,0.4765,0.4436,0.3940,0.0698,0.1333,0.0666,0.2253,0.3774,0.2512,0.5838,0.5143,0.0792,0.0840,0.3403,0.2928,0.3014,0.5224,0.2525,0.2446,0.5392,0.3135,0.3915,0.1319,0.0407,0.2378,0.1631,0.2826,0.2650,0.2490,0.3198,0.3757,0.5572,0.2637,0.2994,0.1832,0.2152,0.2860,0.2767,0.1469,0.5047,0.4134,0.2466,0.2866,0.1856,0.1146,0.2647,0.4110,0.1415,0.1374,0.3042,0.3551,0.3958,0.2447,0.1547,0.2598,0.0522,0.3837,0.3382,0.4075,0.3206,0.1216,0.3661,0.4283,0.3898,0.2246,0.3584,0.1933,0.2019,0.1549,0.2465,0.3552,0.2636,0.2014,0.3064,0.1913,0.4461,0.3624,0.4851,0.3924,0.4089,0.4996,0.1702,0.0385,0.2569,0.1515,0.0900,0.1173,0.1967,0.2949,0.1194,0.0193,0.0164,0.2203,0.0290,0.0000,0.0000,0.0159,0.0335,0.0000,0.0000,0.0000,0.0940,0.2044,0.0445,0.0455,0.0735,0.0815,0.3112,0.0493,0.0489,0.1449,0.0507,0.0000,0.0000,0.0963,0.0400,0.0000,0.0000,0.0000,0.0000,0.0000,0.0000,0.0703,0.0469,0.0936,0.1086,0.2290,0.1277,0.2306,0.2505,0.1338,0.0754,0.0844,0.1317,0.1942,0.1490,0.1234,0.2187,0.0825,0.0629,0.0888,0.0508,0.0819,0.1600,0.1096,0.1524,0.1905,0.2110,0.2376,0.0337,0.0810,0.2484,0.2603,0.1234,0.0513,0.2746,0.1289,0.1185,0.2849,0.1377,0.1133,0.1282,0.1065,0.0341,0.2224,0.0437,0.0385,0.3348,0.0918,0.3275,0.1144,0.2113,0.0845,0.0773,0.1237,0.1009,0.1302,0.1938,0.3273,0.2929,0.1911,0.0000,0.0450,0.0627,0.0240,0.2037,0.0000,0.0397,0.0462,0.0092,0.1752,0.0000,0.0511,0.0705,0.0432,0.0801,0.0000,0.0205,0.0470,0.0211,0.1068,0.0000,0.0231,0.0492,0.0199,0.7555,0.0000,0.0957,0.1466,0.0289,0.1661,0.0000,0.0654,0.0733,0.0519,0.1981,0.0000,0.0329,0.0505,0.0240,0.4844,0.0000,0.0375,0.1129,0.0268,0.0992,0.0000,0.0439,0.0584,0.0189,0.1231,0.0000,0.0702,0.0644,0.0650,0.2031,0.0000,0.0549,0.0659,0.0307
Tritriacontene,Alkene,3284,35.283,35.281,35.286,0.2142,0.7925,0.2194,0.1772,0.2365,0.2570,0.2624,0.1518,0.1451,0.1506,0.3317,0.1868,0.3264,0.2163,0.2334,0.0975,0.0710,0.0916,0.1122,0.2392,0.2187,0.4649,0.2116,0.1019,0.0743,0.1856,0.1133,0.1320,0.2708,0.2210,0.1331,0.2032,0.2740,0.1975,0.0555,0.0034,0.0678,0.0793,0.1382,0.2019,0.0770,0.1066,0.1265,0.2842,0.1734,0.2362,0.1823,0.1720,0.1786,0.1663,0.2060,0.5437,0.4115,0.2622,0.3372,0.1928,0.1013,0.0821,0.1455,0.1201,0.1187,0.2142,0.1616,0.2283,0.2118,0.2729,0.2216,0.0543,0.1552,0.1633,0.1689,0.2237,0.1576,0.1851,0.2735,0.2702,0.2544,0.2424,0.2644,0.2804,0.1658,0.1129,0.1765,0.1006,0.0886,0.6614,0.1920,0.3261,0.2489,0.3118,0.2473,0.2066,0.2170,0.1929,0.0931,0.4746,0.1856,0.1474,0.1685,0.1722,0.2422,0.1360,0.0687,0.0710,0.2672,0.1085,0.1161,0.0947,0.1008,0.1736,0.0773,0.1164,0.0952,0.1753,0.2727,0.1280,0.1046,0.1422,0.1245,0.2284,0.0745,0.0963,0.1610,0.1167,0.0605,0.0486,0.1477,0.0924,0.0234,0.0000,0.0000,0.0151,0.0463,0.1287,0.0956,0.0852,0.1174,0.2065,0.1969,0.1660,0.2318,0.2070,0.1433,0.1317,0.1816,0.2770,0.2713,0.2422,0.2173,0.2378,0.1420,0.0775,0.1054,0.1213,0.1269,0.1915,0.1348,0.1795,0.2365,0.2810,0.2496,0.0713,0.1067,0.1716,0.1757,0.1377,0.1169,0.2138,0.1731,0.1711,0.2492,0.1498,0.2002,0.2729,0.1705,0.0746,0.1781,0.0728,0.0795,0.4801,0.1666,0.2302,0.1478,0.2078,0.1269,0.1007,1.0211,0.3554,0.4008,0.1275,0.2939,0.2554,0.2214,0.0000,0.0799,0.1010,0.0993,0.1477,0.0000,0.0366,0.0498,0.0525,0.4831,0.0000,0.0675,0.1217,0.2495,0.1014,0.0000,0.0420,0.0718,0.0485,0.0785,0.0000,0.0277,0.0521,0.0354,0.7017,0.0000,0.1152,0.1777,0.1415,0.1732,0.0000,0.1092,0.0959,0.0888,0.1130,0.0000,0.0398,0.0606,0.0460,0.2989,0.0000,0.0331,0.0963,0.0898,0.1421,0.0000,0.0619,0.0932,0.0547,0.2053,0.0000,0.0947,0.1113,0.0981,0.3012,0.0000,0.0779,0.1080,0.3624
Tritriacontane,Alkane,3299,35.542,35.537,35.548,0.1344,0.2699,0.0993,0.0926,0.0982,0.1027,0.1144,0.0835,0.1031,0.0967,0.1974,0.1217,0.2055,0.1612,0.1826,0.0684,0.0596,0.0608,0.0989,0.1177,0.1132,0.2371,0.1178,0.0815,0.0510,0.1059,0.0709,0.0790,0.1755,0.1718,0.1258,0.2639,0.2051,0.2214,0.0784,0.0148,0.0669,0.0949,0.1005,0.2556,0.0503,0.0637,0.0730,0.1545,0.0930,0.1625,0.0902,0.1035,0.1066,0.0798,0.1245,0.2212,0.1453,0.1661,0.2050,0.0976,0.0771,0.0649,0.1154,0.1263,0.0881,0.1014,0.0821,0.1121,0.1325,0.1707,0.1002,0.0497,0.0840,0.0972,0.1030,0.1308,0.1004,0.0859,0.1150,0.1123,0.1288,0.0980,0.1527,0.1216,0.1294,0.0937,0.1213,0.0816,0.0716,0.2259,0.1049,0.1444,0.1140,0.1222,0.1265,0.1040,0.1124,0.1476,0.0695,0.2619,0.1318,0.0978,0.1243,0.1187,0.1565,0.1180,0.0477,0.0476,0.1876,0.0695,0.0498,0.0561,0.0625,0.1240,0.0525,0.0791,0.0518,0.1191,0.2046,0.0850,0.0701,0.1409,0.1112,0.1737,0.0641,0.0741,0.1451,0.0934,0.0324,0.0440,0.1182,0.0877,0.0206,0.0000,0.0000,0.0000,0.0209,0.0902,0.0910,0.0747,0.1070,0.1705,0.1819,0.1575,0.1869,0.1641,0.1231,0.0807,0.1283,0.1595,0.1750,0.1743,0.1752,0.1916,0.1247,0.0781,0.1090,0.1011,0.0943,0.1497,0.1055,0.1274,0.1728,0.2083,0.1877,0.0579,0.0905,0.1330,0.1374,0.1153,0.0750,0.1446,0.1187,0.1059,0.1751,0.1030,0.1424,0.1561,0.1310,0.0773,0.1617,0.0754,0.0732,0.2838,0.0980,0.1650,0.1102,0.1443,0.0976,0.0736,0.3727,0.1493,0.1669,0.1072,0.1853,0.1661,0.2775,0.0000,0.1394,0.1849,0.2887,0.2224,0.0000,0.1093,0.1172,0.2551,0.7053,0.0000,0.2315,0.3161,0.6710,0.1835,0.0000,0.0547,0.1293,0.1067,0.1987,0.0000,0.0501,0.1198,0.0855,0.7076,0.0000,0.2715,0.2943,0.4925,0.2434,0.0000,0.1282,0.1396,0.2510,0.1920,0.0000,0.0874,0.1408,0.1671,0.4335,0.0000,0.1025,0.2106,0.4119,0.1891,0.0000,0.1051,0.1508,0.2417,0.2461,0.0000,0.1349,0.1550,0.2119,0.4960,0.0000,0.2189,0.2515,0.9510
"Unknown (m/z 434, 390)",Unknown,3326,36.058,36.050,36.066,0.1024,0.1752,0.1052,0.0643,0.1016,0.1102,0.0794,0.0572,0.1735,0.2239,0.0771,0.0971,0.1957,0.1690,0.1121,0.0454,0.0871,0.0550,0.0660,0.1176,0.0589,0.1493,0.1359,0.0451,0.0426,0.0945,0.0674,0.0873,0.1711,0.0624,0.2533,0.7040,0.0531,0.1798,0.1188,0.0255,0.0378,0.0826,0.0463,0.1032,0.0677,0.0547,0.0778,0.1165,0.0658,0.0836,0.0566,0.0639,0.0595,0.0836,0.0564,0.3350,0.1448,0.0884,0.0610,0.0960,0.0544,0.0783,0.2009,0.0556,0.0576,0.0633,0.0851,0.1236,0.1610,0.0375,0.0781,0.0435,0.0871,0.0779,0.1063,0.0895,0.0513,0.0959,0.1289,0.1292,0.0341,0.1035,0.0715,0.0993,0.0632,0.0912,0.0998,0.1125,0.0863,0.1105,0.0852,0.1559,0.0913,0.1409,0.1284,0.1293,0.1501,0.0048,0.0194,0.0188,0.0186,0.0205,0.0124,0.0158,0.0287,0.0045,0.0196,0.0212,0.0051,0.0223,0.0294,0.0273,0.0197,0.0426,0.0330,0.0429,0.0353,0.0187,0.0147,0.0116,0.0211,0.0115,0.0123,0.0246,0.0164,0.0190,0.0027,0.0139,0.0277,0.0200,0.0017,0.0114,0.0139,0.0000,0.0000,0.0000,0.0169,0.0248,0.0022,0.0027,0.0013,0.0072,0.0009,0.0000,0.0069,0.0102,0.0088,0.0254,0.0196,0.0102,0.0027,0.0052,0.0006,0.0003,0.0066,0.0075,0.0041,0.0155,0.0183,0.0058,0.0118,0.0101,0.0134,0.0018,0.0072,0.0130,0.0075,0.0172,0.0184,0.0096,0.0272,0.0243,0.0093,0.0139,0.0161,0.0121,0.0145,0.0244,0.0191,0.0103,0.0080,0.0091,0.0133,0.0182,0.0224,0.0258,0.0055,0.0125,0.0084,0.0119,0.0514,0.0506,0.0503,0.0415,0.1372,0.0648,0.1684,0.0000,0.0739,0.0882,0.0477,0.1379,0.0000,0.0766,0.0657,0.0251,0.7773,0.0000,0.0343,0.0519,0.0304,0.0889,0.5762,0.0600,0.0936,0.0483,0.1047,0.3895,0.0619,0.0869,0.0492,1.0597,0.0657,0.0520,0.0898,0.0165,0.1444,0.1325,0.1012,0.1916,0.0678,0.1550,0.0000,0.0623,0.0814,0.0455,0.5180,0.0000,0.0399,0.0699,0.0077,0.1133,0.0877,0.0743,0.0885,0.0435,0.1278,0.0000,0.0849,0.0847,0.0683,0.3939,0.0000,0.0386,0.0563,0.0277
"Unknown (m/z 464, 338, 265, 201, 127)",Unknown,3374,37.010,37.010,not det.,0.0002,0.1521,0.0214,0.0141,0.0094,0.0076,0.0103,0.0229,0.0038,0.1057,0.0043,0.0495,0.0119,0.0149,0.0314,0.0257,0.1169,0.1980,0.0042,0.0054,0.0065,0.0031,0.0109,0.0307,0.0165,0.0064,0.0025,0.0017,0.0010,0.0753,0.0325,0.0078,0.0012,0.0252,0.0056,0.0096,0.0029,0.0009,0.0014,0.0261,0.0030,0.0022,0.0036,0.0003,0.0121,0.0367,0.0060,0.0064,0.0072,0.0054,0.1333,0.0048,0.0027,0.0106,0.3592,0.0081,0.0042,0.0024,0.0093,0.0039,0.1888,0.0214,0.0034,0.0057,0.0056,0.1395,0.0074,0.0089,0.0037,0.0030,0.0097,0.0427,0.0566,0.0191,0.0076,0.0070,0.0008,0.0139,0.0941,0.2167,0.0286,0.0361,0.0271,0.0159,0.0040,0.0248,0.0682,0.0064,0.0065,0.0045,0.0029,0.0084,0.0004,0.0000,0.0000,0.0000,0.0004,0.0000,0.0001,0.0000,0.0000,0.0000,0.0000,0.0000,0.0000,0.0000,0.0000,0.0000,0.0000,0.0000,0.0000,0.0031,0.0000,0.0000,0.0000,0.0000,0.0000,0.0000,0.0000,0.0000,0.0000,0.0000,0.0000,0.0000,0.0000,0.0000,0.0000,0.0000,0.0000,0.0000,0.0000,0.0000,0.0000,0.0000,0.0000,0.0000,0.0000,0.0000,0.0000,0.0000,0.0001,0.0000,0.0000,0.0000,0.0001,0.0001,0.0000,0.0000,0.0000,0.0001,0.0000,0.0000,0.0000,0.0000,0.0001,0.0000,0.0001,0.0000,0.0001,0.0000,0.0000,0.0000,0.0000,0.0000,0.0000,0.0000,0.0000,0.0000,0.0000,0.0000,0.0000,0.0000,0.0000,0.0000,0.0000,0.0000,0.0000,0.0000,0.0000,0.0000,0.0001,0.0000,0.0000,0.0000,0.0000,0.0000,0.0068,0.0076,0.0072,0.0000,0.0000,0.0000,0.0000,0.0000,0.0000,0.0000,0.0000,0.0000,0.0000,0.0000,0.0000,0.0000,0.0000,0.0000,0.0000,0.0000,0.0000,0.0000,0.0000,0.0000,0.0000,0.0000,0.0000,0.0000,0.0000,0.0000,0.0000,0.0000,0.0000,0.0000,0.0000,0.0000,0.0000,0.0000,0.0000,0.0000,0.0000,0.0000,0.0000,0.0000,0.0000,0.0000,0.0000,0.0000,0.0000,0.0000,0.0000,0.0000,0.0000,0.0000,0.0000,0.0000,0.0000,0.0000,0.0000,0.0000,0.0000,0.0000,0.0000,0.0000,0.0000,0.0000
"Unknown (m/z 462, 433,139, 126)",Unknown,3422,38.052,38.052,not det.,0.0174,0.0322,0.0255,0.0216,0.0398,0.0539,0.0362,0.0218,0.0023,0.0132,0.0333,0.0139,0.0282,0.0279,0.0177,0.0009,0.0040,0.0040,0.0111,0.0214,0.0117,0.0335,0.0320,0.0004,0.0017,0.0236,0.0157,0.0157,0.0349,0.0144,0.0096,0.0202,0.0042,0.0176,0.0062,0.0107,0.0194,0.0075,0.0233,0.0123,0.0219,0.0232,0.0301,0.0367,0.0178,0.0217,0.0121,0.0147,0.0353,0.0156,0.0047,0.0232,0.0277,0.0128,0.0060,0.0139,0.0137,0.0194,0.0278,0.0020,0.0041,0.0267,0.0240,0.0302,0.0080,0.0006,0.0198,0.0022,0.0332,0.0243,0.0301,0.0307,0.0027,0.0274,0.0287,0.0285,0.0111,0.0243,0.0065,0.0067,0.0045,0.0078,0.0210,0.0102,0.0073,0.0151,0.0054,0.0189,0.0280,0.0379,0.0271,0.0340,0.0410,0.0103,0.0048,0.0101,0.0072,0.0078,0.0080,0.0103,0.0151,0.0028,0.0025,0.0036,0.0106,0.0060,0.0042,0.0058,0.0044,0.0099,0.0005,0.0000,0.0071,0.0081,0.0093,0.0044,0.0039,0.0044,0.0012,0.0124,0.0029,0.0051,0.0053,0.0027,0.0058,0.0043,0.0080,0.0032,0.0104,0.0000,0.0162,0.0176,0.0113,0.0095,0.0069,0.0057,0.0074,0.0088,0.0075,0.0059,0.0097,0.0092,0.0045,0.0077,0.0043,0.0075,0.0067,0.0045,0.0069,0.0056,0.0027,0.0030,0.0038,0.0010,0.0027,0.0041,0.0047,0.0037,0.0033,0.0092,0.0027,0.0000,0.0034,0.0109,0.0108,0.0060,0.0045,0.0142,0.0022,0.0025,0.0126,0.0028,0.0011,0.0024,0.0026,0.0030,0.0054,0.0018,0.0041,0.0060,0.0000,0.0160,0.0032,0.0052,0.0037,0.0040,0.0171,0.0131,0.0220,0.0068,0.0144,0.0125,0.0000,0.0000,0.0000,0.0000,0.0000,0.0000,0.0000,0.0000,0.0000,0.0000,0.0000,0.0000,0.0000,0.0000,0.0000,0.0000,0.0000,0.0000,0.0000,0.0000,0.0000,0.0000,0.0000,0.0000,0.0000,0.0000,0.0000,0.0000,0.0000,0.0000,0.0000,0.0000,0.0000,0.0000,0.0000,0.0000,0.0000,0.0000,0.0000,0.0000,0.0000,0.0000,0.0000,0.0000,0.0000,0.0000,0.0000,0.0000,0.0000,0.0000,0.0000,0.0000,0.0000,0.0000,0.0000,0.0000,0.0000,0.0000,0.0000,0.0000
"Unknown (m/z 463, 418)",Unknown,3515,40.679,40.676,40.681,0.0224,0.0451,0.0205,0.0085,0.0205,0.0239,0.0190,0.0098,0.0672,0.0528,0.0254,0.0147,0.0438,0.0343,0.0202,0.0024,0.0053,0.0044,0.0105,0.0226,0.0087,0.0497,0.0220,0.0016,0.0024,0.0248,0.0089,0.0177,0.0583,0.0167,0.0801,0.2106,0.0132,0.0503,0.0265,0.0043,0.0030,0.0167,0.0056,0.0466,0.0109,0.0073,0.0150,0.0300,0.0141,0.0295,0.0111,0.0120,0.0087,0.0127,0.0059,0.0754,0.0334,0.0333,0.0097,0.0364,0.0146,0.0183,0.0505,0.0127,0.0070,0.0086,0.0121,0.0255,0.0423,0.0022,0.0138,0.0052,0.0197,0.0141,0.0251,0.0335,0.0038,0.0181,0.0261,0.0288,0.0076,0.0197,0.0079,0.0121,0.0103,0.0156,0.0216,0.0251,0.0141,0.0213,0.0083,0.0331,0.0200,0.0362,0.0413,0.0475,0.0441,0.0091,0.0049,0.0089,0.0056,0.0060,0.0062,0.0061,0.0112,0.0016,0.0020,0.0040,0.0100,0.0051,0.0104,0.0095,0.0057,0.0139,0.0023,0.0031,0.0092,0.0052,0.0081,0.0069,0.0023,0.0051,0.0008,0.0112,0.0029,0.0044,0.0028,0.0015,0.0048,0.0050,0.0058,0.0044,0.0114,0.0000,0.0043,0.0056,0.0096,0.0132,0.0069,0.0069,0.0064,0.0087,0.0055,0.0030,0.0060,0.0051,0.0013,0.0062,0.0035,0.0037,0.0040,0.0032,0.0056,0.0037,0.0020,0.0016,0.0024,0.0015,0.0017,0.0029,0.0018,0.0016,0.0020,0.0082,0.0020,0.0008,0.0024,0.0061,0.0063,0.0029,0.0019,0.0065,0.0007,0.0013,0.0105,0.0009,0.0010,0.0010,0.0015,0.0024,0.0035,0.0012,0.0036,0.0050,0.0000,0.0133,0.0011,0.0018,0.0013,0.0014,0.0174,0.0111,0.0116,0.0107,0.0378,0.0173,0.0355,0.0000,0.0005,0.0025,0.0082,0.0393,0.0000,0.0000,0.0032,0.0133,0.3019,0.0000,0.0079,0.0132,0.0266,0.0252,0.1909,0.0026,0.0109,0.0018,0.0155,0.0691,0.0017,0.0015,0.0003,0.1606,0.0181,0.0098,0.0143,0.0233,0.0149,0.2502,0.0022,0.0243,0.0098,0.0345,0.0685,0.0006,0.0026,0.0049,0.0771,0.0160,0.0010,0.0100,0.0197,0.0234,0.0740,0.0004,0.0026,0.0080,0.0357,0.0063,0.0012,0.0039,0.0146,0.1084,0.0021,0.0069,0.0082,0.0328
"Octadecenoic Acid, Hexadecyl Ester",Ester,3550,41.565,41.565,not det.,0.0113,0.0868,0.0661,0.0353,0.0930,0.0882,0.0280,0.0507,0.0106,0.1019,0.0186,0.0614,0.0451,0.0379,0.0428,0.0482,0.2408,0.0950,0.0158,0.0381,0.0361,0.0154,0.0691,0.0463,0.0596,0.0167,0.0198,0.0104,0.0083,0.0282,0.0510,0.0237,0.0484,0.0673,0.0151,0.0008,0.0023,0.0000,0.0000,0.0155,0.0099,0.0058,0.0218,0.0220,0.0124,0.0210,0.0448,0.0605,0.0448,0.0318,0.0696,0.0165,0.0131,0.0209,0.1715,0.0665,0.0171,0.0183,0.0245,0.0143,0.0490,0.0495,0.0120,0.0278,0.0229,0.0502,0.0306,0.0279,0.0129,0.0107,0.0228,0.0203,0.0389,0.0351,0.0412,0.0101,0.0082,0.0587,0.1833,0.2703,0.0386,0.0487,0.0281,0.0662,0.0104,0.0452,0.1742,0.0402,0.0340,0.0179,0.0110,0.0463,0.0245,0.0001,0.0074,0.0030,0.0056,0.0059,0.0056,0.0025,0.0037,0.0001,0.0042,0.0080,0.0080,0.0093,0.0228,0.0219,0.0118,0.0260,0.0109,0.0141,0.0218,0.0115,0.0076,0.0056,0.0088,0.0104,0.0028,0.0032,0.0064,0.0094,0.0040,0.0048,0.0149,0.0134,0.0016,0.0081,0.0120,0.0031,0.0054,0.0069,0.0114,0.0139,0.0043,0.0050,0.0039,0.0052,0.0000,0.0001,0.0000,0.0000,0.0000,0.0112,0.0014,0.0013,0.0003,0.0001,0.0014,0.0000,0.0006,0.0017,0.0008,0.0030,0.0010,0.0002,0.0011,0.0000,0.0000,0.0025,0.0000,0.0003,0.0011,0.0002,0.0001,0.0022,0.0031,0.0000,0.0000,0.0000,0.0019,0.0000,0.0000,0.0000,0.0000,0.0000,0.0000,0.0016,0.0040,0.0000,0.0000,0.0032,0.0000,0.0000,0.0000,0.0000,0.0439,0.0643,0.0552,0.0046,0.0344,0.0194,0.0000,0.0000,0.0000,0.0000,0.0000,0.0000,0.0000,0.0000,0.0000,0.0000,0.0000,0.0000,0.0000,0.0000,0.0000,0.0000,0.0000,0.0000,0.0000,0.0000,0.0000,0.0000,0.0000,0.0000,0.0000,0.0000,0.0000,0.0000,0.0000,0.0000,0.0000,0.0000,0.0000,0.0000,0.0000,0.0000,0.0000,0.0000,0.0000,0.0000,0.0000,0.0000,0.0000,0.0000,0.0000,0.0000,0.0000,0.0000,0.0000,0.0000,0.0000,0.0000,0.0000,0.0000,0.0000,0.0000,0.0000,0.0000,0.0000,0.0000
